Kod,Ders,Öğretim Yöntemi,Eğitmen,Gün,Saat,Bina,Kayıtlı,Kontenjan,Bölüm Sınırlaması,CRN
AKM 204,Akışkanlar Mekaniği,Physical (Face to face),Birgül Benli,Tuesday / Tuesday,08:30/11:59 / 14:00/17:29,MDB / MDB / -- / --,0,50,"GEM_LS, IBM_LS, INS_LS, MEN_LS, MTO_LS, NAE_LS, TEK_LS, UCK_LS",30303
AKM 204,Akışkanlar Mekaniği,Physical (Face to face),Necati Erdem Ünal,Thursday / Thursday,10:00/12:59 / 13:30/17:29,INB / INB / -- / --,0,30,INS_LS,30386
AKM 204,Akışkanlar Mekaniği,Physical (Face to face),Necati Erdem Ünal,Wednesday / Wednesday,10:00/12:59 / 13:30/17:29,INB / INB / -- / --,0,30,CEV_LS,30387
AKM 204E,Fluid Mechanics,Physical (Face to face),Erdal Kesgin,Tuesday / Tuesday,08:30/12:29 / 13:30/16:29,INB / INB / -- / --,0,25,"INS_LS, INSE_LS",30376
ATA 121,Atatürk İlk & İnkılap Trh I,Virtual (Online),Çağdaş Taylan Salın,Monday / Thursday,10:30/12:59 / 10:30/12:59,MED / MED / -- / --,0,80,"ARC_LS, BIO_LS, BIOE_LS, BLG_LS, BLGE_LS, CEN_LS, CEV_LS, CEVE_LS, CHZ_LS, CHZE_LS, DEN_LS, DENE_LS, DUI_LS, DUIE_LS, ECNE_LS, EEE_LS, EFN_LS, EHB_LS, EHBE_LS, ELE_LS, ELH_LS, ELK_LS, ELKE_LS, END_LS, ENDE_LS, ENT_LS, ENTE_LS, EUT_LS, EUTE_LS, FIZ_LS, FIZE_LS, GEM_LS, GEME_LS, GEMK_LS, GEO_LS, GEOE_LS, GID_LS, GIDE_LS, GMI_LS, GMIE_LS, HTA_LS, HTAE_LS, IAD_LS, IBM_LS, ICM_LS, IML_LS, IMLE_LS, IND_LS, INS_LS, INSE_LS, ISL_LS, ISLE_LS, JEF_LS, JEFE_LS, JEO_LS, JEOE_LS, KIM_LS, KIME_LS, KMM_LS, KMME_LS, KOM_LS, KOME_LS, KON_LS, MAD_LS, MADE_LS, MAK_LS, MAT_LS, MATE_LS, MEN_LS, MET_LS, METE_LS, MIM_LS, MIME_LS, MMD_LS, MTM_LS, MTO_LS, MTOE_LS, NAE_LS, PEM_LS, PEME_LS, PET_LS, PETE_LS, ROS_LS, ROSE_LS, SAO_OL, SBP_LS, SBPE_LS, SECE_LS, TEK_LS, TEKE_LS, TEL_LS, THO_LS, UCK_LS, UZB_LS, UZBE_LS, VBAE_LS, YZVE_LS",30284
ATA 121,Atatürk İlk & İnkılap Trh I,Virtual (Online),Çağdaş Taylan Salın,Tuesday / Friday,10:30/12:59 / 10:30/12:59,MED / MED / -- / --,0,80,"ARC_LS, BIO_LS, BIOE_LS, BLG_LS, BLGE_LS, CEN_LS, CEV_LS, CEVE_LS, CHZ_LS, CHZE_LS, DEN_LS, DENE_LS, DUI_LS, DUIE_LS, ECNE_LS, EEE_LS, EFN_LS, EHB_LS, EHBE_LS, ELE_LS, ELH_LS, ELK_LS, ELKE_LS, END_LS, ENDE_LS, ENT_LS, ENTE_LS, EUT_LS, EUTE_LS, FIZ_LS, FIZE_LS, GEM_LS, GEME_LS, GEMK_LS, GEO_LS, GEOE_LS, GID_LS, GIDE_LS, GMI_LS, GMIE_LS, HTA_LS, HTAE_LS, IAD_LS, IBM_LS, ICM_LS, IML_LS, IMLE_LS, IND_LS, INS_LS, INSE_LS, ISL_LS, ISLE_LS, JEF_LS, JEFE_LS, JEO_LS, JEOE_LS, KIM_LS, KIME_LS, KMM_LS, KMME_LS, KOM_LS, KOME_LS, KON_LS, MAD_LS, MADE_LS, MAK_LS, MAT_LS, MATE_LS, MEN_LS, MET_LS, METE_LS, MIM_LS, MIME_LS, MMD_LS, MTM_LS, MTO_LS, MTOE_LS, NAE_LS, PEM_LS, PEME_LS, PET_LS, PETE_LS, ROS_LS, ROSE_LS, SAO_OL, SBP_LS, SBPE_LS, SECE_LS, TEK_LS, TEKE_LS, TEL_LS, THO_LS, UCK_LS, UZB_LS, UZBE_LS, VBAE_LS, YZVE_LS",30285
ATA 122,Atatürk İlk & İnkılap Trh II,Virtual (Online),Çağdaş Taylan Salın,Monday / Thursday,15:00/17:29 / 15:00/17:29,MED / MED / -- / --,0,80,"ARC_LS, BIO_LS, BIOE_LS, BLG_LS, BLGE_LS, CEN_LS, CEV_LS, CEVE_LS, CHZ_LS, CHZE_LS, DEN_LS, DENE_LS, DUI_LS, DUIE_LS, ECNE_LS, EEE_LS, EFN_LS, EHB_LS, EHBE_LS, ELE_LS, ELH_LS, ELK_LS, ELKE_LS, END_LS, ENDE_LS, ENT_LS, ENTE_LS, EUT_LS, EUTE_LS, FIZ_LS, FIZE_LS, GEM_LS, GEME_LS, GEMK_LS, GEO_LS, GEOE_LS, GID_LS, GIDE_LS, GMI_LS, GMIE_LS, HTA_LS, HTAE_LS, IAD_LS, IBM_LS, ICM_LS, IML_LS, IMLE_LS, IND_LS, INS_LS, INSE_LS, ISL_LS, ISLE_LS, JEF_LS, JEFE_LS, JEO_LS, JEOE_LS, KIM_LS, KIME_LS, KMM_LS, KMME_LS, KOM_LS, KOME_LS, KON_LS, MAD_LS, MADE_LS, MAK_LS, MAT_LS, MATE_LS, MEN_LS, MET_LS, METE_LS, MIM_LS, MIME_LS, MMD_LS, MTM_LS, MTO_LS, MTOE_LS, NAE_LS, PEM_LS, PEME_LS, PET_LS, PETE_LS, ROS_LS, ROSE_LS, SAO_OL, SBP_LS, SBPE_LS, SECE_LS, TEK_LS, TEKE_LS, TEL_LS, THO_LS, UCK_LS, UZB_LS, UZBE_LS, VBAE_LS, YZVE_LS",30286
ATA 122,Atatürk İlk & İnkılap Trh II,Virtual (Online),Çağdaş Taylan Salın,Tuesday / Friday,15:00/17:29 / 15:00/17:29,MED / MED / -- / --,0,80,"ARC_LS, BIO_LS, BIOE_LS, BLG_LS, BLGE_LS, CEN_LS, CEV_LS, CEVE_LS, CHZ_LS, CHZE_LS, DEN_LS, DENE_LS, DUI_LS, DUIE_LS, ECNE_LS, EEE_LS, EFN_LS, EHB_LS, EHBE_LS, ELE_LS, ELH_LS, ELK_LS, ELKE_LS, END_LS, ENDE_LS, ENT_LS, ENTE_LS, EUT_LS, EUTE_LS, FIZ_LS, FIZE_LS, GEM_LS, GEME_LS, GEMK_LS, GEO_LS, GEOE_LS, GID_LS, GIDE_LS, GMI_LS, GMIE_LS, HTA_LS, HTAE_LS, IAD_LS, IBM_LS, ICM_LS, IML_LS, IMLE_LS, IND_LS, INS_LS, INSE_LS, ISL_LS, ISLE_LS, JEF_LS, JEFE_LS, JEO_LS, JEOE_LS, KIM_LS, KIME_LS, KMM_LS, KMME_LS, KOM_LS, KOME_LS, KON_LS, MAD_LS, MADE_LS, MAK_LS, MAT_LS, MATE_LS, MEN_LS, MET_LS, METE_LS, MIM_LS, MIME_LS, MMD_LS, MTM_LS, MTO_LS, MTOE_LS, NAE_LS, PEM_LS, PEME_LS, PET_LS, PETE_LS, ROS_LS, ROSE_LS, SAO_OL, SBP_LS, SBPE_LS, SECE_LS, TEK_LS, TEKE_LS, TEL_LS, THO_LS, UCK_LS, UZB_LS, UZBE_LS, VBAE_LS, YZVE_LS",30287
BBF 204E,Formal Languages and Automata,Virtual (Online),Gökhan Seçinti,Friday / Friday,09:00/12:29 / 14:00/17:29,BBB / BBB / -- / --,0,40,"BLG_LS, BLGE_LS, SECE_LS, YZVE_LS",30433
BBF 301E,Analysis of Algorithms I,Physical (Face to face),Hazım Kemal Ekenel,Monday / Monday / Tuesday,10:00/11:59 / 13:30/15:29 / 09:30/12:29,BBB / BBB / BBB / 104 / 104 / 104,0,50,"BLG_LS, BLGE_LS, CEN_LS, SECE_LS, YZVE_LS",30335
BIL 100E,Intr.to Prog.Language(PYTHON),Physical (Face to face),Ahmet Öztopal,Wednesday / Wednesday,09:30/12:29 / 13:30/17:29,MEDC / MEDC / 2D13 / 2D13,0,20,"IBM_LS, MTO_LS",30274
BIL 100E,Intr.to Prog.Language(PYTHON),Virtual (Online),Evren Dağlarlı,Monday / Monday,09:30/12:29 / 13:30/17:29,BBB / BBB / -- / --,0,40,"ARC_LS, BIO_LS, BIOE_LS, CEV_LS, CEVE_LS, CHZ_LS, CHZE_LS, DEN_LS, DENE_LS, DUI_LS, DUIE_LS, ECNE_LS, EFN_LS, EHB_LS, EHBE_LS, ELE_LS, ELH_LS, ELKE_LS, END_LS, ENDE_LS, EUT_LS, EUTE_LS, FIZ_LS, FIZE_LS, GEM_LS, GEME_LS, GEMK_LS, GID_LS, GIDE_LS, GMI_LS, GMIE_LS, IAD_LS, ICM_LS, IML_LS, IMLE_LS, IND_LS, INS_LS, INSE_LS, ISL_LS, ISLE_LS, JEF_LS, JEFE_LS, JEO_LS, JEOE_LS, KIM_LS, KIME_LS, KOM_LS, KOME_LS, MAD_LS, MADE_LS, MAK_LS, MAKE_LS, MAT_LS, MATE_LS, MET_LS, METE_LS, MIM_LS, MIME_LS, NAE_LS, PEM_LS, PEME_LS, PET_LS, PETE_LS, SBP_LS, SBPE_LS, SEN_LS, TEK_LS, TEKE_LS, TEL_LS, UCK_LS, UZB_LS, UZBE_LS",30337
BIL 100E,Intr.to Prog.Language(PYTHON),Virtual (Online),Ömer Özyıldırım,Wednesday / Wednesday,09:30/12:29 / 13:30/17:29,BBB / BBB / -- / --,0,40,"ARC_LS, BIO_LS, BIOE_LS, CEV_LS, CEVE_LS, CHZ_LS, CHZE_LS, DEN_LS, DENE_LS, DUI_LS, DUIE_LS, ECNE_LS, EFN_LS, EHB_LS, EHBE_LS, ELE_LS, ELH_LS, ELKE_LS, END_LS, ENDE_LS, EUT_LS, EUTE_LS, FIZ_LS, FIZE_LS, GEM_LS, GEME_LS, GEMK_LS, GID_LS, GIDE_LS, GMI_LS, GMIE_LS, IAD_LS, ICM_LS, IML_LS, IMLE_LS, IND_LS, INS_LS, INSE_LS, ISL_LS, ISLE_LS, JEF_LS, JEFE_LS, JEO_LS, JEOE_LS, KIM_LS, KIME_LS, KOM_LS, KOME_LS, MAD_LS, MADE_LS, MAK_LS, MAKE_LS, MAT_LS, MATE_LS, MET_LS, METE_LS, MIM_LS, MIME_LS, NAE_LS, PEM_LS, PEME_LS, PET_LS, PETE_LS, SBP_LS, SBPE_LS, SEN_LS, TEK_LS, TEKE_LS, TEL_LS, UCK_LS, UZB_LS, UZBE_LS",30338
BIL 100E,Intr.to Prog.Language(PYTHON),Virtual (Online),Doğu Sırt,Friday / Friday,09:30/12:29 / 14:00/17:59,BBB / BBB / -- / --,0,40,"ARC_LS, BIO_LS, BIOE_LS, CEV_LS, CEVE_LS, CHZ_LS, CHZE_LS, DEN_LS, DENE_LS, DUI_LS, DUIE_LS, ECNE_LS, EFN_LS, EHB_LS, EHBE_LS, ELE_LS, ELH_LS, ELKE_LS, END_LS, ENDE_LS, EUT_LS, EUTE_LS, FIZ_LS, FIZE_LS, GEM_LS, GEME_LS, GEMK_LS, GID_LS, GIDE_LS, GMI_LS, GMIE_LS, IAD_LS, ICM_LS, IML_LS, IMLE_LS, IND_LS, INS_LS, INSE_LS, ISL_LS, ISLE_LS, JEF_LS, JEFE_LS, JEO_LS, JEOE_LS, KIM_LS, KIME_LS, KOM_LS, KOME_LS, MAD_LS, MADE_LS, MAK_LS, MAKE_LS, MAT_LS, MATE_LS, MET_LS, METE_LS, MIM_LS, MIME_LS, NAE_LS, PEM_LS, PEME_LS, PET_LS, PETE_LS, SBP_LS, SBPE_LS, SEN_LS, TEK_LS, TEKE_LS, TEL_LS, UCK_LS, UZB_LS, UZBE_LS",30339
BIL 100E,Intr.to Prog.Language(PYTHON),Virtual (Online),Evren Dağlarlı,Tuesday / Tuesday,09:30/12:29 / 13:30/17:29,BBB / BBB / -- / --,0,40,"ARC_LS, BIO_LS, BIOE_LS, CEV_LS, CEVE_LS, CHZ_LS, CHZE_LS, DEN_LS, DENE_LS, DUI_LS, DUIE_LS, ECNE_LS, EFN_LS, EHB_LS, EHBE_LS, ELE_LS, ELH_LS, ELKE_LS, END_LS, ENDE_LS, EUT_LS, EUTE_LS, FIZ_LS, FIZE_LS, GEM_LS, GEME_LS, GEMK_LS, GID_LS, GIDE_LS, GMI_LS, GMIE_LS, IAD_LS, ICM_LS, IML_LS, IMLE_LS, IND_LS, INS_LS, INSE_LS, ISL_LS, ISLE_LS, JEF_LS, JEFE_LS, JEO_LS, JEOE_LS, KIM_LS, KIME_LS, KOM_LS, KOME_LS, MAD_LS, MADE_LS, MAK_LS, MAKE_LS, MAT_LS, MATE_LS, MET_LS, METE_LS, MIM_LS, MIME_LS, NAE_LS, PEM_LS, PEME_LS, PET_LS, PETE_LS, SBP_LS, SBPE_LS, SEN_LS, TEK_LS, TEKE_LS, TEL_LS, UCK_LS, UZB_LS, UZBE_LS",30389
BIL 100E,Intr.to Prog.Language(PYTHON),Virtual (Online),Ömer Özyıldırım,Thursday / Thursday,09:30/12:29 / 13:30/17:29,BBB / BBB / -- / --,0,40,"ARC_LS, BIO_LS, BIOE_LS, CEV_LS, CEVE_LS, CHZ_LS, CHZE_LS, DEN_LS, DENE_LS, DUI_LS, DUIE_LS, ECNE_LS, EFN_LS, EHB_LS, EHBE_LS, ELE_LS, ELH_LS, ELKE_LS, END_LS, ENDE_LS, EUT_LS, EUTE_LS, FIZ_LS, FIZE_LS, GEM_LS, GEME_LS, GEMK_LS, GID_LS, GIDE_LS, GMI_LS, GMIE_LS, IAD_LS, ICM_LS, IML_LS, IMLE_LS, IND_LS, INS_LS, INSE_LS, ISL_LS, ISLE_LS, JEF_LS, JEFE_LS, JEO_LS, JEOE_LS, KIM_LS, KIME_LS, KOM_LS, KOME_LS, MAD_LS, MADE_LS, MAK_LS, MAKE_LS, MAT_LS, MATE_LS, MET_LS, METE_LS, MIM_LS, MIME_LS, NAE_LS, PEM_LS, PEME_LS, PET_LS, PETE_LS, SBP_LS, SBPE_LS, SEN_LS, TEK_LS, TEKE_LS, TEL_LS, UCK_LS, UZB_LS, UZBE_LS",30390
BIL 112E,Intr.to Prog.Language(FORTRAN),Physical (Face to face),Ahmet Öztopal,Thursday / Thursday,09:30/12:29 / 13:30/17:29,MEDC / MEDC / 2D13 / 2D13,0,20,"IBM_LS, MTO_LS",30273
BIL 113E,Intr.to Sci& Eng.Comp.(MATLAB),Physical (Face to face),Muhammed Lütfi Yarar,Thursday / Thursday,09:00/12:59 / 14:00/16:59,BBB / BBB / -- / --,0,50,"BIO_LS, BIOE_LS, CEV_LS, CEVE_LS, CHZ_LS, CHZE_LS, DEN_LS, DENE_LS, DUI_LS, DUIE_LS, ECNE_LS, EHB_LS, EHBE_LS, ELE_LS, ELH_LS, ELKE_LS, END_LS, ENDE_LS, EUT_LS, EUTE_LS, FIZ_LS, FIZE_LS, GEM_LS, GEME_LS, GEMK_LS, GID_LS, GIDE_LS, GMI_LS, GMIE_LS, ICM_LS, IML_LS, IMLE_LS, INS_LS, INSE_LS, ISL_LS, ISLE_LS, JEF_LS, JEFE_LS, JEO_LS, JEOE_LS, KIM_LS, KIME_LS, KOM_LS, KOME_LS, MAD_LS, MADE_LS, MAK_LS, MAKE_LS, MAT_LS, MATE_LS, MET_LS, METE_LS, MIM_LS, MIME_LS, MTO_LS, MTOE_LS, PEM_LS, PEME_LS, PET_LS, PETE_LS, SBP_LS, SBPE_LS, SEN_LS, TEK_LS, TEKE_LS, TEL_LS, UCK_LS, UZB_LS, UZBE_LS",30408
BIL 113E,Intr.to Sci& Eng.Comp.(MATLAB),Physical (Face to face),Muhammed Lütfi Yarar,Friday / Friday,09:00/12:59 / 14:00/16:59,BBB / BBB / -- / --,0,50,"BIO_LS, BIOE_LS, CEV_LS, CEVE_LS, CHZ_LS, CHZE_LS, DEN_LS, DENE_LS, DUI_LS, DUIE_LS, ECNE_LS, EHB_LS, EHBE_LS, ELE_LS, ELH_LS, ELKE_LS, END_LS, ENDE_LS, EUT_LS, EUTE_LS, FIZ_LS, FIZE_LS, GEM_LS, GEME_LS, GEMK_LS, GID_LS, GIDE_LS, GMI_LS, GMIE_LS, ICM_LS, IML_LS, IMLE_LS, INS_LS, INSE_LS, ISL_LS, ISLE_LS, JEF_LS, JEFE_LS, JEO_LS, JEOE_LS, KIM_LS, KIME_LS, KOM_LS, KOME_LS, MAD_LS, MADE_LS, MAK_LS, MAKE_LS, MAT_LS, MATE_LS, MET_LS, METE_LS, MIM_LS, MIME_LS, MTO_LS, MTOE_LS, PEM_LS, PEME_LS, PET_LS, PETE_LS, SBP_LS, SBPE_LS, SEN_LS, TEK_LS, TEKE_LS, TEL_LS, UCK_LS, UZB_LS, UZBE_LS",30409
BIO 105E,General Biology I,Physical (Face to face),Ece Polat,Wednesday / Friday,09:30/13:29 / 14:30/17:29,FEB / FEB / D101 / D101,0,55,"BIO_LS, BIO_YD, BIOE_LS",30216
BIO 301E,Fundamentals of Biology,Physical (Face to face),Ece Polat,Tuesday / Friday,13:30/17:29 / 09:30/12:29,FEB / FEB / D101 / D101,0,55,"CEVE_LS, CHZ_LS, CHZE_LS, EEE_LS, EHB_LS, EHBE_LS, EHS_LS, ELE_LS, ELH_LS, ELK_LS, ELKE_LS, FIZ_LS, FIZE_LS, GID_LS, INS_LS, INSE_LS, ISL_LS, ISLE_LS, JEO_LS, JEOE_LS, KIM_LS, KIME_LS, KMM_LS, KOM_LS, KOME_LS, MAD_LS, MADE_LS, MET_LS, METE_LS, PET_LS, PETE_LS",30215
BLG 223E,Data Structures,Physical (Face to face),Muhammet Alkan,Wednesday / Wednesday / Thursday / Thursday,09:30/12:29 / 13:30/15:29 / 09:30/11:59 / 13:30/15:29,BBB / BBB / BBB / BBB / Z-17 / Z-17 / Z-17 / Z-17,0,50,"BLG_LS, BLGE_LS, CEN_LS, SECE_LS",30334
BLG 458E,Functional Programming,Physical (Face to face),Yusuf Hüseyin Şahin,Friday / Friday,09:30/12:29 / 14:30/16:29,BBB / BBB / Z-19 / Z-19,0,70,"BLG_LS, BLGE_LS, CEN_LS",30336
CEV 302E,Biological Processes,Physical (Face to face),"Rüya Taşlı , / Özlem Karahan Özgün",Monday / Wednesday,13:30/18:29 / 09:00/13:29,INB / INB / A203 / A203,0,25,"CEV_LS, CEVE_LS",30158
CEV 347E,Unit Operations,Physical (Face to face),"Rüya Taşlı , / Özlem Karahan Özgün",Tuesday / Thursday,09:30/13:29 / 09:30/12:29,INB / INB / A203 / A203,0,25,"CEV_LS, CEVE_LS",30159
CEV 442E,Environmental Law,Physical (Face to face),Derya Yüksel İmer,Tuesday / Wednesday,10:30/12:29 / 10:30/13:29,INB / INB / A101 / A101,0,60,"CEV_LS, CEVE_LS",30157
CHZ 318,Endüstriyel Hammaddeler,Physical (Face to face),Murat Olgaç Kangal,Monday / Monday,09:30/12:59 / 14:00/17:29,MDB / MDB / -- / --,0,50,"CHZ_LS, CHZ_YD, MAD_LS, MAD_YD",30302
CIE 326,Reinforced Concrete Design,Physical (Face to face),Medine İspir Arslan,Monday / Monday / Wednesday / Wednesday,09:00/11:59 / 14:00/16:59 / 09:00/11:59 / 14:00/16:59,INB / INB / INB / INB / -- / -- / -- / --,0,25,SIN_LS,30394
CIE 344,Hydraulics and Hydrology,Physical (Face to face),"Mehmet Özger , / Cihan Bayındır",Wednesday / Wednesday / Thursday,08:30/12:29 / 13:30/17:29 / 08:30/12:29,INB / INB / INB / -- / -- / --,0,40,SIN_LS,30383
DEN 308E,Stability of Marine Vehicles,Physical (Face to face),Erdem Üçer,Wednesday / Wednesday,09:30/12:29 / 13:00/14:59,MEDC / MEDC / 3D20 / 2D17,0,50,DEN_LS,30399
DEN 325E,Adv. Manufacturing Process,Physical (Face to face),Mete Kayıhan,Monday / Monday,09:30/12:29 / 13:30/17:29,MEDC / MEDC / 2D18 / 2D18,0,60,"DEN_LS, DENE_LS",30398
DEN 339,Deniz Kirliliği,Physical (Face to face),Oktay Eren Türeyen,Tuesday / Tuesday,09:30/12:29 / 13:30/15:29,MEDC / MEDC / 2D14 / 2D14,0,30,"DEN_LS, OSN_YD",30326
DEN 340E,Hydrostatics of Marine Vehic.,Physical (Face to face),Ömer Kemal Kınacı,Tuesday / Tuesday,10:00/11:59 / 13:00/15:59,MEDC / MEDC / 2D17 / 2D17,0,30,DEN_LS,30402
DFH 202E,Ship Emergency Response,Physical (Face to face),Orhan Gönel,Tuesday / Wednesday,09:30/12:29 / 13:30/15:29,DZB / DZB / -- / --,0,30,"DUI_LS, MTM_LS",30435
DFH 232E,Business Logistics,Physical (Face to face),Sinan Çakır,Monday / Monday,09:30/12:29 / 13:30/15:29,DZB / DZB / -- / --,0,30,"DUI_LS, MTM_LS",30436
DNK 201,Dinamik,Physical (Face to face),Erol Demirkan,Monday / Monday / Wednesday,10:30/12:29 / 13:30/16:29 / 10:30/12:29,INB / INB / INB / -- / -- / --,0,50,INS_LS,30375
DNK 201E,Dynamics,Physical (Face to face),Mehmet Selim Akay,Wednesday / Wednesday,09:30/12:29 / 13:30/17:29,MEDC / MEDC / ZA3 / ZA3,0,50,"UCK_LS, UZB_LS, UZBE_LS",30281
DNK 201E,Dynamics,Physical (Face to face),Ünal Aldemir,Tuesday / Wednesday / Wednesday,13:30/15:29 / 09:30/12:29 / 13:30/15:29,INB / INB / INB / -- / -- / --,0,25,INSE_LS,30373
DUI 103E,Seamanship,Physical (Face to face),-,Thursday / Thursday / Friday,10:30/12:29 / 13:30/16:29 / 10:30/12:29,DZB / DZB / DZB / -- / -- / --,0,0,"DUI_LS, MTM_LS",30437
DUI 251,Meteoroloji,Physical (Face to face),Ayşe Nak,Wednesday / Wednesday,13:30/16:29 / 08:30/12:29,DZB / DZB / -- / --,0,0,"DUI_LS, MTM_LS",30251
DUI 311E,Celestial Navigation,Physical (Face to face),Orhan Gönel,Tuesday / Wednesday,13:30/16:29 / 08:30/12:29,DZB / DZB / -- / --,0,0,"DUI_LS, MTM_LS",30252
DUI 361E,Technical Ship Management,Physical (Face to face),Gizem Çevik,Thursday / Thursday,09:30/12:29 / 13:30/15:29,DZB / DZB / -- / --,0,30,"DUI_LS, MTM_LS",30438
DUI 407E,Cargo Handl and Stowage,Physical (Face to face),Cenk Ay,Monday / Monday,08:30/12:29 / 13:30/16:29,DZB / DZB / -- / --,0,30,"DUI_LS, MTM_LS",30439
DUI 472,Oşinografi,Physical (Face to face),Ayşe Nak,Tuesday / Tuesday,09:30/12:29 / 13:30/15:29,DZB / DZB / -- / --,0,30,DUI_LS,30440
DUI 474E,Bridge Team and Resource Management,Physical (Face to face),Cemil Yurtören,Tuesday / Tuesday,08:30/12:29 / 13:30/16:29,DZB / DZB / -- / --,0,30,"DUI_LS, MTM_LS",30441
EEF 206E,Signal Processing&Linear Syst.,Physical (Face to face),Mehmet Can,Monday / Monday / Wednesday,08:30/11:59 / 13:30/16:29 / 08:30/11:29,EEB / EEB / EEB / 5202 / 5202 / 5202,0,80,"EEE_LS, EHB_LS, EHBE_LS, ELK_LS, ELKE_LS, KOM_LS, KOME_LS, ROS_LS, ROSE_LS",30269
EEF 210E,Differential Equations,Physical (Face to face),Emre İşcan,Tuesday / Thursday,10:00/13:59 / 10:00/12:59,EEB / EEB / 5102 / 5102,0,80,"EEE_LS, EHB_LS, EHBE_LS, ELK_LS, ELKE_LS, KOM_LS, KOME_LS, ROS_LS, ROSE_LS",30261
EEF 211E,Basics of Electrical Circuits,Physical (Face to face),Metin Hüner,Tuesday / Tuesday,08:30/12:29 / 13:30/16:29,EEB / EEB / 5202 / 5202,0,80,"EEE_LS, EHB_LS, EHBE_LS, ELK_LS, ELKE_LS, KOM_LS, KOME_LS, ROS_LS, ROSE_LS",30264
EEF 212E,Electromagnetic Theory I,Physical (Face to face),Burak Acar,Tuesday / Thursday / Friday,08:30/11:29 / 13:30/16:29 / 09:30/12:59,EEB / EEB / EEB / 5204 / 5204 / 5204,0,80,"EEE_LS, EHB_LS, EHBE_LS, ELK_LS, ELKE_LS, KOM_LS, KOME_LS, ROS_LS, ROSE_LS",30266
EEF 232E,Circuit and System Analysis,Physical (Face to face),Bilgi Görkem Yazgaç,Wednesday / Wednesday,08:30/12:29 / 13:30/16:29,EEB / EEB / 5204 / 5204,0,80,"EEE_LS, EHB_LS, EHBE_LS, ELK_LS, ELKE_LS, KOM_LS, KOME_LS, ROS_LS, ROSE_LS",30265
EEF 262E,Fundamentals of Electronics,Physical (Face to face),"Mustafa Altun , / Hacer Atar Yıldız",Monday / Monday / Tuesday,08:30/11:59 / 13:30/16:29 / 08:30/11:29,EEB / EEB / EEB / 5302 / 5302 / 5302,0,80,"EEE_LS, EHB_LS, EHBE_LS, ELK_LS, ELKE_LS, KOM_LS, KOME_LS, ROS_LS, ROSE_LS",30267
EEF 262E,Fundamentals of Electronics,Physical (Face to face),Muhammed Yasin Adıyaman,Monday / Monday / Friday,08:30/12:29 / 13:30/16:29 / 14:00/16:29,EEB / EEB / EEB / 5104 / 5104 / 5104,0,80,"EEE_LS, EHB_LS, EHBE_LS, ELK_LS, ELKE_LS, KOM_LS, KOME_LS, ROS_LS, ROSE_LS",30268
EHB 222E,Introduction to Electronics,Physical (Face to face),Muhammet Tahir Güneşer,Monday / Wednesday,08:30/12:29 / 08:30/11:29,EEB / EEB / 5102 / 5102,0,80,"BLG_LS, BLGE_LS, CEN_LS, EHB_LS, EHBE_LS, ELK_LS, ELKE_LS, KOM_LS, KOME_LS, ROS_LS, ROSE_LS",30263
EHB 335E,Analog Electronic Circuits,Physical (Face to face),Mustafa Berke Yelten,Tuesday / Wednesday / Thursday,09:30/11:59 / 09:30/11:59 / 10:00/11:59,EEB / EEB / EEB / 5104 / 5104 / 5104,0,80,"EEE_LS, EHB_LS, EHBE_LS",30262
EKO 201E,Economics,Physical (Face to face),Sinan Çakır,Thursday / Thursday,08:30/11:29 / 12:30/16:29,DZB / DZB / -- / --,0,35,"GMI_LS, MEN_LS",30244
EKO 201E,Economics,Virtual (Online),Umut Kuruüzüm,Tuesday / Wednesday,09:30/12:59 / 09:30/12:59,MED / MED / -- / --,0,300,"ARC_LS, BLG_LS, BLGE_LS, CEN_LS, CEV_LS, CEVE_LS, CHZ_LS, CHZE_LS, DEN_LS, DENE_LS, DUI_LS, DUIE_LS, EEE_LS, EHB_LS, EHBE_LS, ELE_LS, ELH_LS, ELK_LS, ELKE_LS, END_LS, ENDE_LS, ENTE_LS, EUT_LS, EUTE_LS, FIZ_LS, GEM_LS, GEME_LS, GEMK_LS, GEO_LS, GEOE_LS, GID_LS, GIDE_LS, GMI_LS, GMIE_LS, IAD_LS, IBM_LS, ICM_LS, IML_LS, IMLE_LS, IND_LS, INS_LS, INSE_LS, JEF_LS, JEO_LS, JEOE_LS, KMM_LS, KMME_LS, KOM_LS, KOME_LS, MAD_LS, MADE_LS, MAK_LS, MAKE_LS, MAT_LS, MATE_LS, MEN_LS, MET_LS, METE_LS, MIM_LS, MIME_LS, MTO_LS, MTOE_LS, PEM_LS, PEME_LS, PET_LS, PETE_LS, SBP_LS, SBPE_LS, SECE_LS, TEK_LS, TEKE_LS, TEL_LS, UCK_LS, UZB_LS, UZBE_LS, VBAE_LS, YZVE_LS",30258
ELK 431E,Electrical Machines Lab.,Physical (Face to face),"Derya Ahmet Kocabaş , / Ali Saffet Altay",Monday / Wednesday,10:30/12:59 / 10:30/12:59,EEB / EEB / -- / --,0,45,-,30406
FIZ 101,Fizik I,Physical (Face to face),Haluk Özbek,Thursday / Friday,08:30/11:59 / 08:30/11:59,FEB / FEB / D102 / D102,0,100,"BIO_LS, BLG_LS, CEV_LS, CHZ_LS, DEN_LS, DUI_LS, EHB_LS, ELE_LS, ELH_LS, ELK_LS, END_LS, EUT_LS, FIZ_YD, GEM_LS, GEO_LS, GID_LS, GMI_LS, HTA_LS, IBM_LS, IML_LS, INS_LS, ISL_LS, JEF_LS, JEO_LS, KIM_LS, KMM_LS, KMM_YD, KOM_LS, MAD_LS, MAK_LS, MAT_LS, MET_LS, MTO_LS, PET_LS, ROS_LS, TEK_LS, TEL_LS, UCK_LS, UCK_YD, UZB_LS",30202
FIZ 101,Fizik I,Physical (Face to face),Haluk Özbek,Thursday / Friday,13:30/16:59 / 14:00/17:29,FEB / FEB / D102 / D102,0,100,"BIO_LS, BLG_LS, CEV_LS, CHZ_LS, DEN_LS, DUI_LS, EHB_LS, ELE_LS, ELH_LS, ELK_LS, END_LS, EUT_LS, FIZ_YD, GEM_LS, GEO_LS, GID_LS, GMI_LS, HTA_LS, IBM_LS, IML_LS, INS_LS, ISL_LS, JEF_LS, JEO_LS, KIM_LS, KMM_LS, KMM_YD, KOM_LS, MAD_LS, MAK_LS, MAT_LS, MET_LS, MTO_LS, PET_LS, ROS_LS, TEK_LS, TEL_LS, UCK_LS, UCK_YD, UZB_LS",30203
FIZ 101E,Physics I,Physical (Face to face),Nurcan Doğan Bingölbali,Tuesday / Wednesday,08:30/11:59 / 08:30/11:59,FEB / FEB / D304 / D304,0,100,"BIO_LS, BIOE_LS, BLG_LS, BLGE_LS, CEN_LS, CEV_LS, CEVE_LS, CHZ_LS, CHZE_LS, DEN_LS, DENE_LS, DUI_LS, DUIE_LS, EEE_LS, EHB_LS, EHBE_LS, ELE_LS, ELH_LS, ELK_LS, ELKE_LS, END_LS, ENDE_LS, ENTE_LS, EUT_LS, EUTE_LS, FIZ_YD, GEM_LS, GEME_LS, GEO_LS, GEOE_LS, GID_LS, GIDE_LS, GMI_LS, GMIE_LS, HTA_LS, HTAE_LS, IBM_LS, IML_LS, IMLE_LS, IND_LS, INS_LS, INSE_LS, ISL_LS, ISLE_LS, JEF_LS, JEFE_LS, JEO_LS, JEOE_LS, KIM_LS, KIME_LS, KMM_LS, KMM_YD, KMME_LS, KOM_LS, KOME_LS, MAD_LS, MADE_LS, MAK_LS, MAK_YD, MAKE_LS, MAT_LS, MATE_LS, MEN_LS, MET_LS, METE_LS, MTM_LS, MTO_LS, MTOE_LS, NAE_LS, PET_LS, PETE_LS, ROS_LS, ROSE_LS, SECE_LS, TEK_LS, TEKE_LS, TEL_LS, UCK_LS, UCK_YD, UZB_LS, UZB_YD, UZBE_LS, YZVE_LS",30204
FIZ 101E,Physics I,Physical (Face to face),Nurcan Doğan Bingölbali,Tuesday / Wednesday,13:30/16:59 / 13:30/16:59,FEB / FEB / D304 / D304,0,100,"BIO_LS, BIOE_LS, BLG_LS, BLGE_LS, CEN_LS, CEV_LS, CEVE_LS, CHZ_LS, CHZE_LS, DEN_LS, DENE_LS, DUI_LS, DUIE_LS, EEE_LS, EHB_LS, EHBE_LS, ELE_LS, ELH_LS, ELK_LS, ELKE_LS, END_LS, ENDE_LS, ENTE_LS, EUT_LS, EUTE_LS, FIZ_YD, GEM_LS, GEME_LS, GEO_LS, GEOE_LS, GID_LS, GIDE_LS, GMI_LS, GMIE_LS, HTA_LS, HTAE_LS, IBM_LS, IML_LS, IMLE_LS, IND_LS, INS_LS, INSE_LS, ISL_LS, ISLE_LS, JEF_LS, JEFE_LS, JEO_LS, JEOE_LS, KIM_LS, KIME_LS, KMM_LS, KMM_YD, KMME_LS, KOM_LS, KOME_LS, MAD_LS, MADE_LS, MAK_LS, MAK_YD, MAKE_LS, MAT_LS, MATE_LS, MEN_LS, MET_LS, METE_LS, MTM_LS, MTO_LS, MTOE_LS, NAE_LS, PET_LS, PETE_LS, ROS_LS, ROSE_LS, SECE_LS, TEK_LS, TEKE_LS, TEL_LS, UCK_LS, UCK_YD, UZB_LS, UZB_YD, UZBE_LS, YZVE_LS",30205
FIZ 101E,Physics I,Physical (Face to face),Sevtap Yıldız Özbek,Thursday / Friday,08:30/11:59 / 08:30/11:59,FEB / FEB / D104 / D104,0,100,"BIO_LS, BIOE_LS, BLG_LS, BLGE_LS, CEN_LS, CEV_LS, CEVE_LS, CHZ_LS, CHZE_LS, DEN_LS, DENE_LS, DUI_LS, DUIE_LS, EEE_LS, EHB_LS, EHBE_LS, ELE_LS, ELH_LS, ELK_LS, ELKE_LS, END_LS, ENDE_LS, ENTE_LS, EUT_LS, EUTE_LS, FIZ_YD, GEM_LS, GEME_LS, GEO_LS, GEOE_LS, GID_LS, GIDE_LS, GMI_LS, GMIE_LS, HTA_LS, HTAE_LS, IBM_LS, IML_LS, IMLE_LS, IND_LS, INS_LS, INSE_LS, ISL_LS, ISLE_LS, JEF_LS, JEFE_LS, JEO_LS, JEOE_LS, KIM_LS, KIME_LS, KMM_LS, KMM_YD, KMME_LS, KOM_LS, KOME_LS, MAD_LS, MADE_LS, MAK_LS, MAK_YD, MAKE_LS, MAT_LS, MATE_LS, MEN_LS, MET_LS, METE_LS, MTM_LS, MTO_LS, MTOE_LS, NAE_LS, PET_LS, PETE_LS, ROS_LS, ROSE_LS, SECE_LS, TEK_LS, TEKE_LS, TEL_LS, UCK_LS, UCK_YD, UZB_LS, UZB_YD, UZBE_LS, YZVE_LS",30206
FIZ 101E,Physics I,Physical (Face to face),Sevtap Yıldız Özbek,Thursday / Friday,13:30/16:59 / 14:00/17:29,FEB / FEB / D104 / D104,0,100,"BIO_LS, BIOE_LS, BLG_LS, BLGE_LS, CEN_LS, CEV_LS, CEVE_LS, CHZ_LS, CHZE_LS, DEN_LS, DENE_LS, DUI_LS, DUIE_LS, EEE_LS, EHB_LS, EHBE_LS, ELE_LS, ELH_LS, ELK_LS, ELKE_LS, END_LS, ENDE_LS, ENTE_LS, EUT_LS, EUTE_LS, FIZ_YD, GEM_LS, GEME_LS, GEO_LS, GEOE_LS, GID_LS, GIDE_LS, GMI_LS, GMIE_LS, HTA_LS, HTAE_LS, IBM_LS, IML_LS, IMLE_LS, IND_LS, INS_LS, INSE_LS, ISL_LS, ISLE_LS, JEF_LS, JEFE_LS, JEO_LS, JEOE_LS, KIM_LS, KIME_LS, KMM_LS, KMM_YD, KMME_LS, KOM_LS, KOME_LS, MAD_LS, MADE_LS, MAK_LS, MAK_YD, MAKE_LS, MAT_LS, MATE_LS, MEN_LS, MET_LS, METE_LS, MTM_LS, MTO_LS, MTOE_LS, NAE_LS, PET_LS, PETE_LS, ROS_LS, ROSE_LS, SECE_LS, TEK_LS, TEKE_LS, TEL_LS, UCK_LS, UCK_YD, UZB_LS, UZB_YD, UZBE_LS, YZVE_LS",30207
FIZ 101E,Physics I,Physical (Face to face),Abdurrahman Savaş Arapoğlu,Monday / Monday,08:30/11:59 / 13:30/16:59,FEB / FEB / D102 / D102,0,100,"BIO_LS, BIOE_LS, BLG_LS, BLGE_LS, CEN_LS, CEV_LS, CEVE_LS, CHZ_LS, CHZE_LS, DEN_LS, DENE_LS, DUI_LS, DUIE_LS, EEE_LS, EHB_LS, EHBE_LS, ELE_LS, ELH_LS, ELK_LS, ELKE_LS, END_LS, ENDE_LS, ENTE_LS, EUT_LS, EUTE_LS, FIZ_YD, GEM_LS, GEME_LS, GEO_LS, GEOE_LS, GID_LS, GIDE_LS, GMI_LS, GMIE_LS, HTA_LS, HTAE_LS, IBM_LS, IML_LS, IMLE_LS, IND_LS, INS_LS, INSE_LS, ISL_LS, ISLE_LS, JEF_LS, JEFE_LS, JEO_LS, JEOE_LS, KIM_LS, KIME_LS, KMM_LS, KMM_YD, KMME_LS, KOM_LS, KOME_LS, MAD_LS, MADE_LS, MAK_LS, MAK_YD, MAKE_LS, MAT_LS, MATE_LS, MEN_LS, MET_LS, METE_LS, MTM_LS, MTO_LS, MTOE_LS, NAE_LS, PET_LS, PETE_LS, ROS_LS, ROSE_LS, SECE_LS, TEK_LS, TEKE_LS, TEL_LS, UCK_LS, UCK_YD, UZB_LS, UZB_YD, UZBE_LS, YZVE_LS",30208
FIZ 101E,Physics I,Physical (Face to face),Abdurrahman Savaş Arapoğlu,Tuesday / Tuesday,08:30/11:59 / 13:30/16:59,FEB / FEB / D204 / D204,0,100,"BIO_LS, BIOE_LS, BLG_LS, BLGE_LS, CEN_LS, CEV_LS, CEVE_LS, CHZ_LS, CHZE_LS, DEN_LS, DENE_LS, DUI_LS, DUIE_LS, EEE_LS, EHB_LS, EHBE_LS, ELE_LS, ELH_LS, ELK_LS, ELKE_LS, END_LS, ENDE_LS, ENTE_LS, EUT_LS, EUTE_LS, FIZ_YD, GEM_LS, GEME_LS, GEO_LS, GEOE_LS, GID_LS, GIDE_LS, GMI_LS, GMIE_LS, HTA_LS, HTAE_LS, IBM_LS, IML_LS, IMLE_LS, IND_LS, INS_LS, INSE_LS, ISL_LS, ISLE_LS, JEF_LS, JEFE_LS, JEO_LS, JEOE_LS, KIM_LS, KIME_LS, KMM_LS, KMM_YD, KMME_LS, KOM_LS, KOME_LS, MAD_LS, MADE_LS, MAK_LS, MAK_YD, MAKE_LS, MAT_LS, MATE_LS, MEN_LS, MET_LS, METE_LS, MTM_LS, MTO_LS, MTOE_LS, NAE_LS, PET_LS, PETE_LS, ROS_LS, ROSE_LS, SECE_LS, TEK_LS, TEKE_LS, TEL_LS, UCK_LS, UCK_YD, UZB_LS, UZB_YD, UZBE_LS, YZVE_LS",30209
FIZ 102E,Physics II,Physical (Face to face),Ali Gelir,Monday / Wednesday,08:30/11:59 / 08:30/11:59,FEB / FEB / D104 / D104,0,100,"BIO_LS, BIOE_LS, BLG_LS, BLGE_LS, CEN_LS, CEV_LS, CEVE_LS, CHZ_LS, CHZE_LS, DEN_LS, DENE_LS, DUI_LS, DUIE_LS, EEE_LS, EHB_LS, EHBE_LS, ELE_LS, ELH_LS, ELK_LS, ELKE_LS, END_LS, ENDE_LS, ENTE_LS, EUT_LS, EUTE_LS, FIZ_YD, GEM_LS, GEME_LS, GEO_LS, GEOE_LS, GID_LS, GIDE_LS, GMI_LS, GMIE_LS, HTA_LS, HTAE_LS, IBM_LS, IML_LS, IMLE_LS, IND_LS, INS_LS, INSE_LS, ISL_LS, ISLE_LS, JEF_LS, JEFE_LS, JEO_LS, JEOE_LS, KIM_LS, KIME_LS, KMM_LS, KMM_YD, KMME_LS, KOM_LS, KOME_LS, MAD_LS, MADE_LS, MAK_LS, MAK_YD, MAKE_LS, MAT_LS, MATE_LS, MEN_LS, MET_LS, METE_LS, MTM_LS, MTO_LS, MTOE_LS, NAE_LS, PET_LS, PETE_LS, ROS_LS, ROSE_LS, SECE_LS, TEK_LS, TEKE_LS, TEL_LS, UCK_LS, UCK_YD, UZB_LS, UZB_YD, UZBE_LS, YZVE_LS",30210
FIZ 102E,Physics II,Physical (Face to face),Ali Gelir,Monday / Wednesday,13:30/16:59 / 13:30/16:59,FEB / FEB / D104 / D104,0,100,"BIO_LS, BIOE_LS, BLG_LS, BLGE_LS, CEN_LS, CEV_LS, CEVE_LS, CHZ_LS, CHZE_LS, DEN_LS, DENE_LS, DUI_LS, DUIE_LS, EEE_LS, EHB_LS, EHBE_LS, ELE_LS, ELH_LS, ELK_LS, ELKE_LS, END_LS, ENDE_LS, ENTE_LS, EUT_LS, EUTE_LS, FIZ_YD, GEM_LS, GEME_LS, GEO_LS, GEOE_LS, GID_LS, GIDE_LS, GMI_LS, GMIE_LS, HTA_LS, HTAE_LS, IBM_LS, IML_LS, IMLE_LS, IND_LS, INS_LS, INSE_LS, ISL_LS, ISLE_LS, JEF_LS, JEFE_LS, JEO_LS, JEOE_LS, KIM_LS, KIME_LS, KMM_LS, KMM_YD, KMME_LS, KOM_LS, KOME_LS, MAD_LS, MADE_LS, MAK_LS, MAK_YD, MAKE_LS, MAT_LS, MATE_LS, MEN_LS, MET_LS, METE_LS, MTM_LS, MTO_LS, MTOE_LS, NAE_LS, PET_LS, PETE_LS, ROS_LS, ROSE_LS, SECE_LS, TEK_LS, TEKE_LS, TEL_LS, UCK_LS, UCK_YD, UZB_LS, UZB_YD, UZBE_LS, YZVE_LS",30211
FIZ 102E,Physics II,Physical (Face to face),Emre Onur Kahya,Monday / Monday,08:30/11:59 / 13:30/16:59,FEB / FEB / D204 / D204,0,100,"BIO_LS, BIOE_LS, BLG_LS, BLGE_LS, CEN_LS, CEV_LS, CEVE_LS, CHZ_LS, CHZE_LS, DEN_LS, DENE_LS, DUI_LS, DUIE_LS, EEE_LS, EHB_LS, EHBE_LS, ELE_LS, ELH_LS, ELK_LS, ELKE_LS, END_LS, ENDE_LS, ENTE_LS, EUT_LS, EUTE_LS, FIZ_YD, GEM_LS, GEME_LS, GEO_LS, GEOE_LS, GID_LS, GIDE_LS, GMI_LS, GMIE_LS, HTA_LS, HTAE_LS, IBM_LS, IML_LS, IMLE_LS, IND_LS, INS_LS, INSE_LS, ISL_LS, ISLE_LS, JEF_LS, JEFE_LS, JEO_LS, JEOE_LS, KIM_LS, KIME_LS, KMM_LS, KMM_YD, KMME_LS, KOM_LS, KOME_LS, MAD_LS, MADE_LS, MAK_LS, MAK_YD, MAKE_LS, MAT_LS, MATE_LS, MEN_LS, MET_LS, METE_LS, MTM_LS, MTO_LS, MTOE_LS, NAE_LS, PET_LS, PETE_LS, ROS_LS, ROSE_LS, SECE_LS, TEK_LS, TEKE_LS, TEL_LS, UCK_LS, UCK_YD, UZB_LS, UZB_YD, UZBE_LS, YZVE_LS",30212
FIZ 102E,Physics II,Physical (Face to face),Emre Onur Kahya,Tuesday / Wednesday,08:30/11:59 / 08:30/11:59,FEB / FEB / D102 / D102,0,100,"BIO_LS, BIOE_LS, BLG_LS, BLGE_LS, CEN_LS, CEV_LS, CEVE_LS, CHZ_LS, CHZE_LS, DEN_LS, DENE_LS, DUI_LS, DUIE_LS, EEE_LS, EHB_LS, EHBE_LS, ELE_LS, ELH_LS, ELK_LS, ELKE_LS, END_LS, ENDE_LS, ENTE_LS, EUT_LS, EUTE_LS, FIZ_YD, GEM_LS, GEME_LS, GEO_LS, GEOE_LS, GID_LS, GIDE_LS, GMI_LS, GMIE_LS, HTA_LS, HTAE_LS, IBM_LS, IML_LS, IMLE_LS, IND_LS, INS_LS, INSE_LS, ISL_LS, ISLE_LS, JEF_LS, JEFE_LS, JEO_LS, JEOE_LS, KIM_LS, KIME_LS, KMM_LS, KMM_YD, KMME_LS, KOM_LS, KOME_LS, MAD_LS, MADE_LS, MAK_LS, MAK_YD, MAKE_LS, MAT_LS, MATE_LS, MEN_LS, MET_LS, METE_LS, MTM_LS, MTO_LS, MTOE_LS, NAE_LS, PET_LS, PETE_LS, ROS_LS, ROSE_LS, SECE_LS, TEK_LS, TEKE_LS, TEL_LS, UCK_LS, UCK_YD, UZB_LS, UZB_YD, UZBE_LS, YZVE_LS",30213
FIZ 102E,Physics II,Physical (Face to face),Emre Onur Kahya,Tuesday / Wednesday,13:30/16:59 / 13:30/16:59,FEB / FEB / D102 / D102,0,100,"BIO_LS, BIOE_LS, BLG_LS, BLGE_LS, CEN_LS, CEV_LS, CEVE_LS, CHZ_LS, CHZE_LS, DEN_LS, DENE_LS, DUI_LS, DUIE_LS, EEE_LS, EHB_LS, EHBE_LS, ELE_LS, ELH_LS, ELK_LS, ELKE_LS, END_LS, ENDE_LS, ENTE_LS, EUT_LS, EUTE_LS, FIZ_YD, GEM_LS, GEME_LS, GEO_LS, GEOE_LS, GID_LS, GIDE_LS, GMI_LS, GMIE_LS, HTA_LS, HTAE_LS, IBM_LS, IML_LS, IMLE_LS, IND_LS, INS_LS, INSE_LS, ISL_LS, ISLE_LS, JEF_LS, JEFE_LS, JEO_LS, JEOE_LS, KIM_LS, KIME_LS, KMM_LS, KMM_YD, KMME_LS, KOM_LS, KOME_LS, MAD_LS, MADE_LS, MAK_LS, MAK_YD, MAKE_LS, MAT_LS, MATE_LS, MEN_LS, MET_LS, METE_LS, MTM_LS, MTO_LS, MTOE_LS, NAE_LS, PET_LS, PETE_LS, ROS_LS, ROSE_LS, SECE_LS, TEK_LS, TEKE_LS, TEL_LS, UCK_LS, UCK_YD, UZB_LS, UZB_YD, UZBE_LS, YZVE_LS",30214
FIZ 102E,Physics II,Physical (Face to face),Mehmet Cem Güçlü,Thursday / Thursday,08:30/11:59 / 13:30/16:59,FEB / FEB / D202 / D202,0,100,"BIO_LS, BIOE_LS, BLG_LS, BLGE_LS, CEN_LS, CEV_LS, CEVE_LS, CHZ_LS, CHZE_LS, DEN_LS, DENE_LS, DUI_LS, DUIE_LS, EEE_LS, EHB_LS, EHBE_LS, ELE_LS, ELH_LS, ELK_LS, ELKE_LS, END_LS, ENDE_LS, ENTE_LS, EUT_LS, EUTE_LS, FIZ_YD, GEM_LS, GEME_LS, GEO_LS, GEOE_LS, GID_LS, GIDE_LS, GMI_LS, GMIE_LS, HTA_LS, HTAE_LS, IBM_LS, IML_LS, IMLE_LS, IND_LS, INS_LS, INSE_LS, ISL_LS, ISLE_LS, JEF_LS, JEFE_LS, JEO_LS, JEOE_LS, KIM_LS, KIME_LS, KMM_LS, KMM_YD, KMME_LS, KOM_LS, KOME_LS, MAD_LS, MADE_LS, MAK_LS, MAK_YD, MAKE_LS, MAT_LS, MATE_LS, MEN_LS, MET_LS, METE_LS, MTM_LS, MTO_LS, MTOE_LS, NAE_LS, PET_LS, PETE_LS, ROS_LS, ROSE_LS, SECE_LS, TEK_LS, TEKE_LS, TEL_LS, UCK_LS, UCK_YD, UZB_LS, UZB_YD, UZBE_LS, YZVE_LS",30320
FIZ 102E,Physics II,Physical (Face to face),Mehmet Cem Güçlü,Friday / Friday,08:30/11:59 / 14:00/17:29,FEB / FEB / D202 / D202,0,100,"BIO_LS, BIOE_LS, BLG_LS, BLGE_LS, CEN_LS, CEV_LS, CEVE_LS, CHZ_LS, CHZE_LS, DEN_LS, DENE_LS, DUI_LS, DUIE_LS, EEE_LS, EHB_LS, EHBE_LS, ELE_LS, ELH_LS, ELK_LS, ELKE_LS, END_LS, ENDE_LS, ENTE_LS, EUT_LS, EUTE_LS, FIZ_YD, GEM_LS, GEME_LS, GEO_LS, GEOE_LS, GID_LS, GIDE_LS, GMI_LS, GMIE_LS, HTA_LS, HTAE_LS, IBM_LS, IML_LS, IMLE_LS, IND_LS, INS_LS, INSE_LS, ISL_LS, ISLE_LS, JEF_LS, JEFE_LS, JEO_LS, JEOE_LS, KIM_LS, KIME_LS, KMM_LS, KMM_YD, KMME_LS, KOM_LS, KOME_LS, MAD_LS, MADE_LS, MAK_LS, MAK_YD, MAKE_LS, MAT_LS, MATE_LS, MEN_LS, MET_LS, METE_LS, MTM_LS, MTO_LS, MTOE_LS, NAE_LS, PET_LS, PETE_LS, ROS_LS, ROSE_LS, SECE_LS, TEK_LS, TEKE_LS, TEL_LS, UCK_LS, UCK_YD, UZB_LS, UZB_YD, UZBE_LS, YZVE_LS",30321
FIZ 102E,Physics II,Physical (Face to face),Yakup Hundur,Tuesday / Tuesday,08:30/11:59 / 13:30/16:59,MED / MED / A34 / A34,0,100,"BIO_LS, BIOE_LS, BLG_LS, BLGE_LS, CEN_LS, CEV_LS, CEVE_LS, CHZ_LS, CHZE_LS, DEN_LS, DENE_LS, DUI_LS, DUIE_LS, EEE_LS, EHB_LS, EHBE_LS, ELE_LS, ELH_LS, ELK_LS, ELKE_LS, END_LS, ENDE_LS, ENTE_LS, EUT_LS, EUTE_LS, FIZ_YD, GEM_LS, GEME_LS, GEO_LS, GEOE_LS, GID_LS, GIDE_LS, GMI_LS, GMIE_LS, HTA_LS, HTAE_LS, IBM_LS, IML_LS, IMLE_LS, IND_LS, INS_LS, INSE_LS, ISL_LS, ISLE_LS, JEF_LS, JEFE_LS, JEO_LS, JEOE_LS, KIM_LS, KIME_LS, KMM_LS, KMM_YD, KMME_LS, KOM_LS, KOME_LS, MAD_LS, MADE_LS, MAK_LS, MAK_YD, MAKE_LS, MAT_LS, MATE_LS, MEN_LS, MET_LS, METE_LS, MTM_LS, MTO_LS, MTOE_LS, NAE_LS, PET_LS, PETE_LS, ROS_LS, ROSE_LS, SECE_LS, TEK_LS, TEKE_LS, TEL_LS, UCK_LS, UCK_YD, UZB_LS, UZB_YD, UZBE_LS, YZVE_LS",30330
FIZ 102E,Physics II,Physical (Face to face),Yakup Hundur,Wednesday / Wednesday,08:30/11:59 / 13:30/16:59,MED / MED / A34 / A34,0,100,"BIO_LS, BIOE_LS, BLG_LS, BLGE_LS, CEN_LS, CEV_LS, CEVE_LS, CHZ_LS, CHZE_LS, DEN_LS, DENE_LS, DUI_LS, DUIE_LS, EEE_LS, EHB_LS, EHBE_LS, ELE_LS, ELH_LS, ELK_LS, ELKE_LS, END_LS, ENDE_LS, ENTE_LS, EUT_LS, EUTE_LS, FIZ_YD, GEM_LS, GEME_LS, GEO_LS, GEOE_LS, GID_LS, GIDE_LS, GMI_LS, GMIE_LS, HTA_LS, HTAE_LS, IBM_LS, IML_LS, IMLE_LS, IND_LS, INS_LS, INSE_LS, ISL_LS, ISLE_LS, JEF_LS, JEFE_LS, JEO_LS, JEOE_LS, KIM_LS, KIME_LS, KMM_LS, KMM_YD, KMME_LS, KOM_LS, KOME_LS, MAD_LS, MADE_LS, MAK_LS, MAK_YD, MAKE_LS, MAT_LS, MATE_LS, MEN_LS, MET_LS, METE_LS, MTM_LS, MTO_LS, MTOE_LS, NAE_LS, PET_LS, PETE_LS, ROS_LS, ROSE_LS, SECE_LS, TEK_LS, TEKE_LS, TEL_LS, UCK_LS, UCK_YD, UZB_LS, UZB_YD, UZBE_LS, YZVE_LS",30331
FIZ 102E,Physics II,Physical (Face to face),Yakup Hundur,Thursday / Thursday,08:30/11:59 / 13:30/16:59,MED / MED / A11 / A11,0,100,"BIO_LS, BIOE_LS, BLG_LS, BLGE_LS, CEN_LS, CEV_LS, CEVE_LS, CHZ_LS, CHZE_LS, DEN_LS, DENE_LS, DUI_LS, DUIE_LS, EEE_LS, EHB_LS, EHBE_LS, ELE_LS, ELH_LS, ELK_LS, ELKE_LS, END_LS, ENDE_LS, ENTE_LS, EUT_LS, EUTE_LS, FIZ_YD, GEM_LS, GEME_LS, GEO_LS, GEOE_LS, GID_LS, GIDE_LS, GMI_LS, GMIE_LS, HTA_LS, HTAE_LS, IBM_LS, IML_LS, IMLE_LS, IND_LS, INS_LS, INSE_LS, ISL_LS, ISLE_LS, JEF_LS, JEFE_LS, JEO_LS, JEOE_LS, KIM_LS, KIME_LS, KMM_LS, KMM_YD, KMME_LS, KOM_LS, KOME_LS, MAD_LS, MADE_LS, MAK_LS, MAK_YD, MAKE_LS, MAT_LS, MATE_LS, MEN_LS, MET_LS, METE_LS, MTM_LS, MTO_LS, MTOE_LS, NAE_LS, PET_LS, PETE_LS, ROS_LS, ROSE_LS, SECE_LS, TEK_LS, TEKE_LS, TEL_LS, UCK_LS, UCK_YD, UZB_LS, UZB_YD, UZBE_LS, YZVE_LS",30332
GEM 201E,Dynamics,Physical (Face to face),Mustafa Erden Yıldızdağ,Monday / Tuesday,08:30/13:29 / 08:30/12:59,MEDC / MEDC / ZA1 / ZA1,0,30,GEM_LS,30328
GEM 203,Mukavemet I,Physical (Face to face),Mustafa Erden Yıldızdağ,Thursday / Friday,08:30/14:29 / 08:30/11:59,MEDC / MEDC / ZA1 / ZA1,0,30,GEM_LS,30329
GEM 325,Gemi Yapı Elemanları,Physical (Face to face),"Gökhan Tansel Tayyar , / Erdem Üçer",Monday / Monday / Tuesday / Tuesday,08:30/11:59 / 13:30/14:29 / 08:30/12:29 / 13:30/14:29,MEDC / MEDC / MEDC / MEDC / ZD1 / ZD1 / ZD1 / ZD1,0,100,GEM_LS,30403
GEM 424E,Reliability Of Ship Structures,Physical (Face to face),Ahmet Ergin,Monday / Thursday,09:00/11:59 / 10:00/11:59,MEDC / MEDC / 2D16 / 2D16,0,30,"GEM_LS, GEME_LS",30443
GEO 103E,Fundamentals of Surveying,Physical (Face to face),Volkan Özbey,Thursday / Friday,08:30/13:29 / 14:00/18:29,INB / INB / B308 / B308,0,30,"GEO_LS, GEOE_LS, HTA_LS, HTAE_LS",30364
GEO 203E,Coordinate Sys. and Geodesy I,Physical (Face to face),Bihter Erol,Monday / Tuesday,13:30/18:29 / 13:30/17:59,INB / INB / D201 / D201,0,30,"GEO_LS, GEOE_LS, HTA_LS, HTAE_LS",30395
GEO 204E,Th.of Err. And Ad. C.,Physical (Face to face),Serdar Erol,Monday / Tuesday,13:30/18:29 / 13:30/17:59,INB / INB / B308 / B308,0,30,"GEO_LS, GEOE_LS, HTA_LS, HTAE_LS",30365
GEO 212E,Engineering Surveying,Physical (Face to face),Volkan Özbey,Thursday / Friday,13:30/16:29 / 08:30/12:29,INB / INB / D201 / D201,0,50,"GEO_LS, GEOE_LS, HTA_LS, HTAE_LS",30366
GEO 216E,Computer Aided Map Design,Physical (Face to face),Mehmet Ufuk Özerman,Tuesday / Thursday,08:30/13:29 / 08:30/12:59,INB / INB / D103 / D103,0,35,"GEO_LS, GEOE_LS, HTA_LS, HTAE_LS",30367
GEO 220E,Mathematics for Geomatics Eng.,Physical (Face to face),Mehmet Ufuk Özerman,Monday / Wednesday / Wednesday,08:30/10:59 / 13:30/15:29 / 08:30/10:59,INB / INB / INB / A102 / A102 / A102,0,35,"GEO_LS, GEOE_LS, HTA_LS, HTAE_LS",30368
GEO 225E,Prob.and Stat. for Geom. Eng.,Physical (Face to face),Muhammed Enes Atik,Thursday / Friday,08:30/13:29 / 14:00/15:59,INB / INB / D201 / D201,0,50,"GEO_LS, GEOE_LS, HTA_LS, HTAE_LS",30396
GEO 314E,Geodesy II and Projections,Physical (Face to face),Serdar Erol,Monday / Tuesday,11:00/12:59 / 08:30/13:29,INB / INB / B308 / B308,0,50,"GEO_LS, GEOE_LS, HTA_LS, HTAE_LS",30369
GEO 476,Geo. Müh. Proje Planlama Yön.,Physical (Face to face),Reha Metin Alkan,Thursday,08:30/13:29,INB / B204,0,30,"GEO_LS, HTA_LS",30260
GMI 132E,Numerical Analy. of Eng.Syst.,Physical (Face to face),Ata Bilgili,Tuesday / Tuesday,08:30/11:29 / 12:30/14:29,DZB / DZB / -- / --,0,35,"GMI_LS, MEN_LS",30245
GMI 261E,Fluid Mechanics,Physical (Face to face),Ata Bilgili,Monday / Monday,08:30/11:29 / 12:30/16:29,DZB / DZB / -- / --,0,35,"DUI_LS, GMI_LS, MEN_LS, MTM_LS",30442
GMI 481E,Marine Insurance,Physical (Face to face),Sinan Çakır,Wednesday / Wednesday,08:30/11:29 / 12:30/14:29,DZB / DZB / -- / --,0,35,"GMI_LS, MEN_LS",30247
GMI 486E,Shipping Finance,Physical (Face to face),Sinan Çakır,Friday / Friday,08:30/11:29 / 14:30/16:29,DZB / DZB / -- / --,0,35,"GMI_LS, MEN_LS",30246
HUK 201,İş Hukuku,Physical (Face to face),Mahmut Kabakcı,Thursday / Friday,13:30/17:29 / 09:30/12:29,MSB / MSB / -- / --,0,140,"AIN_LS, BIO_LS, BIOE_LS, CEV_LS, CEVE_LS, CHZ_LS, CHZE_LS, DEN_LS, DENE_LS, EEE_LS, EHB_LS, EHBE_LS, ELE_LS, ELK_LS, ELKE_LS, END_LS, ENDE_LS, FIZ_LS, FIZE_LS, GEM_LS, GEME_LS, GEMK_LS, GEO_LS, GEOE_LS, GID_LS, GIDE_LS, IEBE_LS, IML_LS, IMLE_LS, IND_LS, INS_LS, INSE_LS, JEF_LS, JEFE_LS, KIM_LS, KIME_LS, KOM_LS, KOME_LS, MAD_LS, MADE_LS, MAK_LS, MAKE_LS, NAE_LS, ROS_LS, ROSE_LS, SED_LS, TEK_LS, TEKE_LS, UCK_LS, UZB_LS, UZBE_LS",30259
ICM 366E,Interior Arch.Desgn Studio III,Physical (Face to face),Ethem Gürer,Monday / Monday / Wednesday / Thursday / Thursday,08:30/12:29 / 13:30/17:29 / 08:30/12:29 / 08:30/12:29 / 13:30/16:29,MMB / MMB / MMB / MMB / MMB / -- / -- / -- / -- / --,0,7,"IAD_LS, ICM_LS",30256
ICM 449E,Interior Arch.Desgn Studio IV,Physical (Face to face),Ethem Gürer,Tuesday / Tuesday / Wednesday / Friday / Friday,08:30/12:29 / 13:30/17:29 / 13:30/17:29 / 08:30/12:29 / 14:30/17:29,MMB / MMB / MMB / MMB / MMB / -- / -- / -- / -- / --,0,7,"IAD_LS, ICM_LS",30257
ING 100,EAP Through Global Goals,Physical (Face to face),Esra Sancak,Monday / Wednesday,13:00/15:59 / 13:00/16:59,YDY / YDY / 150 / 150,0,24,"BIOE_LS, BLG_LS, BLGE_LS, CEV_LS, CEVE_LS, CHZ_LS, DEN_LS, ECNE_LS, EHB_LS, EHBE_LS, ELK_LS, ELKE_LS, END_LS, ENDE_LS, ENTE_LS, EUTE_LS, FIZ_LS, GEM_LS, GEO_LS, GEOE_LS, GID_LS, HTA_LS, HTAE_LS, IBM_LS, ICM_LS, INS_LS, INSE_LS, ISL_LS, ISLE_LS, JEF_LS, JEO_LS, KIM_LS, KMM_LS, KOM_LS, KOME_LS, MAD_LS, MAK_LS, MAT_LS, MET_LS, METE_LS, MIM_LS, MIME_LS, MTO_LS, PEME_LS, PETE_LS, ROS_LS, ROSE_LS, SAO_OL, SBP_LS, SBPE_LS, SECE_LS, TEKE_LS, UCK_LS, UZBE_LS, VBAE_LS, YZVE_LS",30160
ING 100,EAP Through Global Goals,Physical (Face to face),Esra Sancak,Tuesday / Thursday,13:00/15:59 / 13:00/16:59,YDY / YDY / 150 / 150,0,24,"BIOE_LS, BLG_LS, BLGE_LS, CEV_LS, CEVE_LS, CHZ_LS, DEN_LS, ECNE_LS, EHB_LS, EHBE_LS, ELK_LS, ELKE_LS, END_LS, ENDE_LS, ENTE_LS, EUTE_LS, FIZ_LS, GEM_LS, GEO_LS, GEOE_LS, GID_LS, HTA_LS, HTAE_LS, IBM_LS, ICM_LS, INS_LS, INSE_LS, ISL_LS, ISLE_LS, JEF_LS, JEO_LS, KIM_LS, KMM_LS, KOM_LS, KOME_LS, MAD_LS, MAK_LS, MAT_LS, MET_LS, METE_LS, MIM_LS, MIME_LS, MTO_LS, PEME_LS, PETE_LS, ROS_LS, ROSE_LS, SAO_OL, SBP_LS, SBPE_LS, SECE_LS, TEKE_LS, UCK_LS, UZBE_LS, VBAE_LS, YZVE_LS",30161
ING 100,EAP Through Global Goals,Physical (Face to face),Esra Sancak,Monday / Wednesday,09:00/12:59 / 09:00/11:59,YDY / YDY / 150 / 150,0,24,"BIOE_LS, BLG_LS, BLGE_LS, CEV_LS, CEVE_LS, CHZ_LS, DEN_LS, ECNE_LS, EHB_LS, EHBE_LS, ELK_LS, ELKE_LS, END_LS, ENDE_LS, ENTE_LS, EUTE_LS, FIZ_LS, GEM_LS, GEO_LS, GEOE_LS, GID_LS, HTA_LS, HTAE_LS, IBM_LS, ICM_LS, INS_LS, INSE_LS, ISL_LS, ISLE_LS, JEF_LS, JEO_LS, KIM_LS, KMM_LS, KOM_LS, KOME_LS, MAD_LS, MAK_LS, MAT_LS, MET_LS, METE_LS, MIM_LS, MIME_LS, MTO_LS, PEME_LS, PETE_LS, ROS_LS, ROSE_LS, SAO_OL, SBP_LS, SBPE_LS, SECE_LS, TEKE_LS, UCK_LS, UZBE_LS, VBAE_LS, YZVE_LS",30253
ING 100,EAP Through Global Goals,Physical (Face to face),Esra Sancak,Tuesday / Thursday,09:00/12:59 / 09:00/11:59,YDY / YDY / 150 / 150,0,24,"BIOE_LS, BLG_LS, BLGE_LS, CEV_LS, CEVE_LS, CHZ_LS, DEN_LS, ECNE_LS, EHB_LS, EHBE_LS, ELK_LS, ELKE_LS, END_LS, ENDE_LS, ENTE_LS, EUTE_LS, FIZ_LS, GEM_LS, GEO_LS, GEOE_LS, GID_LS, HTA_LS, HTAE_LS, IBM_LS, ICM_LS, INS_LS, INSE_LS, ISL_LS, ISLE_LS, JEF_LS, JEO_LS, KIM_LS, KMM_LS, KOM_LS, KOME_LS, MAD_LS, MAK_LS, MAT_LS, MET_LS, METE_LS, MIM_LS, MIME_LS, MTO_LS, PEME_LS, PETE_LS, ROS_LS, ROSE_LS, SAO_OL, SBP_LS, SBPE_LS, SECE_LS, TEKE_LS, UCK_LS, UZBE_LS, VBAE_LS, YZVE_LS",30254
ING 112A,Basics of Academic Writing,Virtual (Online),Halime Ceren Göktaş,Monday / Wednesday,09:00/11:29 / 09:00/11:29,YDY / YDY / -- / --,0,24,"BIOE_LS, BLG_LS, BLGE_LS, CEV_LS, CEVE_LS, CHZ_LS, DEN_LS, ECNE_LS, EHB_LS, EHBE_LS, ELK_LS, ELKE_LS, END_LS, ENDE_LS, ENTE_LS, EUTE_LS, FIZ_LS, GEM_LS, GEO_LS, GEOE_LS, GID_LS, HTA_LS, HTAE_LS, IBM_LS, ICM_LS, INS_LS, INSE_LS, ISL_LS, ISLE_LS, JEF_LS, JEO_LS, KIM_LS, KMM_LS, KOM_LS, KOME_LS, MAD_LS, MAK_LS, MAT_LS, MET_LS, METE_LS, MIM_LS, MIME_LS, MTO_LS, PEME_LS, PETE_LS, ROS_LS, ROSE_LS, SAO_OL, SBP_LS, SBPE_LS, SECE_LS, TEKE_LS, UCK_LS, UZBE_LS, VBAE_LS, YZVE_LS",30162
ING 112A,Basics of Academic Writing,Virtual (Online),Halime Ceren Göktaş,Monday / Wednesday,11:30/13:59 / 11:30/13:59,YDY / YDY / -- / --,0,24,"BIOE_LS, BLG_LS, BLGE_LS, CEV_LS, CEVE_LS, CHZ_LS, DEN_LS, ECNE_LS, EHB_LS, EHBE_LS, ELK_LS, ELKE_LS, END_LS, ENDE_LS, ENTE_LS, EUTE_LS, FIZ_LS, GEM_LS, GEO_LS, GEOE_LS, GID_LS, HTA_LS, HTAE_LS, IBM_LS, ICM_LS, INS_LS, INSE_LS, ISL_LS, ISLE_LS, JEF_LS, JEO_LS, KIM_LS, KMM_LS, KOM_LS, KOME_LS, MAD_LS, MAK_LS, MAT_LS, MET_LS, METE_LS, MIM_LS, MIME_LS, MTO_LS, PEME_LS, PETE_LS, ROS_LS, ROSE_LS, SAO_OL, SBP_LS, SBPE_LS, SECE_LS, TEKE_LS, UCK_LS, UZBE_LS, VBAE_LS, YZVE_LS",30163
ING 112A,Basics of Academic Writing,Virtual (Online),Halime Ceren Göktaş,Monday / Wednesday,14:00/16:29 / 14:00/16:29,YDY / YDY / -- / --,0,24,"BIOE_LS, BLG_LS, BLGE_LS, CEV_LS, CEVE_LS, CHZ_LS, DEN_LS, ECNE_LS, EHB_LS, EHBE_LS, ELK_LS, ELKE_LS, END_LS, ENDE_LS, ENTE_LS, EUTE_LS, FIZ_LS, GEM_LS, GEO_LS, GEOE_LS, GID_LS, HTA_LS, HTAE_LS, IBM_LS, ICM_LS, INS_LS, INSE_LS, ISL_LS, ISLE_LS, JEF_LS, JEO_LS, KIM_LS, KMM_LS, KOM_LS, KOME_LS, MAD_LS, MAK_LS, MAT_LS, MET_LS, METE_LS, MIM_LS, MIME_LS, MTO_LS, PEME_LS, PETE_LS, ROS_LS, ROSE_LS, SAO_OL, SBP_LS, SBPE_LS, SECE_LS, TEKE_LS, UCK_LS, UZBE_LS, VBAE_LS, YZVE_LS",30164
ING 112A,Basics of Academic Writing,Virtual (Online),Halime Ceren Göktaş,Tuesday / Thursday,09:00/11:29 / 09:00/11:29,YDY / YDY / -- / --,0,24,"BIOE_LS, BLG_LS, BLGE_LS, CEV_LS, CEVE_LS, CHZ_LS, DEN_LS, ECNE_LS, EHB_LS, EHBE_LS, ELK_LS, ELKE_LS, END_LS, ENDE_LS, ENTE_LS, EUTE_LS, FIZ_LS, GEM_LS, GEO_LS, GEOE_LS, GID_LS, HTA_LS, HTAE_LS, IBM_LS, ICM_LS, INS_LS, INSE_LS, ISL_LS, ISLE_LS, JEF_LS, JEO_LS, KIM_LS, KMM_LS, KOM_LS, KOME_LS, MAD_LS, MAK_LS, MAT_LS, MET_LS, METE_LS, MIM_LS, MIME_LS, MTO_LS, PEME_LS, PETE_LS, ROS_LS, ROSE_LS, SAO_OL, SBP_LS, SBPE_LS, SECE_LS, TEKE_LS, UCK_LS, UZBE_LS, VBAE_LS, YZVE_LS",30165
ING 112A,Basics of Academic Writing,Virtual (Online),Halime Ceren Göktaş,Tuesday / Thursday,11:30/13:59 / 11:30/13:59,YDY / YDY / -- / --,0,24,"BIOE_LS, BLG_LS, BLGE_LS, CEV_LS, CEVE_LS, CHZ_LS, DEN_LS, ECNE_LS, EHB_LS, EHBE_LS, ELK_LS, ELKE_LS, END_LS, ENDE_LS, ENTE_LS, EUTE_LS, FIZ_LS, GEM_LS, GEO_LS, GEOE_LS, GID_LS, HTA_LS, HTAE_LS, IBM_LS, ICM_LS, INS_LS, INSE_LS, ISL_LS, ISLE_LS, JEF_LS, JEO_LS, KIM_LS, KMM_LS, KOM_LS, KOME_LS, MAD_LS, MAK_LS, MAT_LS, MET_LS, METE_LS, MIM_LS, MIME_LS, MTO_LS, PEME_LS, PETE_LS, ROS_LS, ROSE_LS, SAO_OL, SBP_LS, SBPE_LS, SECE_LS, TEKE_LS, UCK_LS, UZBE_LS, VBAE_LS, YZVE_LS",30166
ING 112A,Basics of Academic Writing,Virtual (Online),Halime Ceren Göktaş,Tuesday / Thursday,14:00/16:29 / 14:00/16:29,YDY / YDY / -- / --,0,24,"BIOE_LS, BLG_LS, BLGE_LS, CEV_LS, CEVE_LS, CHZ_LS, DEN_LS, ECNE_LS, EHB_LS, EHBE_LS, ELK_LS, ELKE_LS, END_LS, ENDE_LS, ENTE_LS, EUTE_LS, FIZ_LS, GEM_LS, GEO_LS, GEOE_LS, GID_LS, HTA_LS, HTAE_LS, IBM_LS, ICM_LS, INS_LS, INSE_LS, ISL_LS, ISLE_LS, JEF_LS, JEO_LS, KIM_LS, KMM_LS, KOM_LS, KOME_LS, MAD_LS, MAK_LS, MAT_LS, MET_LS, METE_LS, MIM_LS, MIME_LS, MTO_LS, PEME_LS, PETE_LS, ROS_LS, ROSE_LS, SAO_OL, SBP_LS, SBPE_LS, SECE_LS, TEKE_LS, UCK_LS, UZBE_LS, VBAE_LS, YZVE_LS",30167
ING 112A,Basics of Academic Writing,Virtual (Online),Merve Sevtap Süren,Monday / Wednesday,09:00/11:29 / 09:00/11:29,YDY / YDY / -- / --,0,24,"BIOE_LS, BLG_LS, BLGE_LS, CEV_LS, CEVE_LS, CHZ_LS, DEN_LS, ECNE_LS, EHB_LS, EHBE_LS, ELK_LS, ELKE_LS, END_LS, ENDE_LS, ENTE_LS, EUTE_LS, FIZ_LS, GEM_LS, GEO_LS, GEOE_LS, GID_LS, HTA_LS, HTAE_LS, IBM_LS, ICM_LS, INS_LS, INSE_LS, ISL_LS, ISLE_LS, JEF_LS, JEO_LS, KIM_LS, KMM_LS, KOM_LS, KOME_LS, MAD_LS, MAK_LS, MAT_LS, MET_LS, METE_LS, MIM_LS, MIME_LS, MTO_LS, PEME_LS, PETE_LS, ROS_LS, ROSE_LS, SAO_OL, SBP_LS, SBPE_LS, SECE_LS, TEKE_LS, UCK_LS, UZBE_LS, VBAE_LS, YZVE_LS",30168
ING 112A,Basics of Academic Writing,Virtual (Online),Merve Sevtap Süren,Monday / Wednesday,11:30/13:59 / 11:30/13:59,YDY / YDY / -- / --,0,24,"BIOE_LS, BLG_LS, BLGE_LS, CEV_LS, CEVE_LS, CHZ_LS, DEN_LS, ECNE_LS, EHB_LS, EHBE_LS, ELK_LS, ELKE_LS, END_LS, ENDE_LS, ENTE_LS, EUTE_LS, FIZ_LS, GEM_LS, GEO_LS, GEOE_LS, GID_LS, HTA_LS, HTAE_LS, IBM_LS, ICM_LS, INS_LS, INSE_LS, ISL_LS, ISLE_LS, JEF_LS, JEO_LS, KIM_LS, KMM_LS, KOM_LS, KOME_LS, MAD_LS, MAK_LS, MAT_LS, MET_LS, METE_LS, MIM_LS, MIME_LS, MTO_LS, PEME_LS, PETE_LS, ROS_LS, ROSE_LS, SAO_OL, SBP_LS, SBPE_LS, SECE_LS, TEKE_LS, UCK_LS, UZBE_LS, VBAE_LS, YZVE_LS",30169
ING 112A,Basics of Academic Writing,Virtual (Online),Merve Sevtap Süren,Tuesday / Thursday,09:00/11:29 / 09:00/11:29,YDY / YDY / -- / --,0,24,"BIOE_LS, BLG_LS, BLGE_LS, CEV_LS, CEVE_LS, CHZ_LS, DEN_LS, ECNE_LS, EHB_LS, EHBE_LS, ELK_LS, ELKE_LS, END_LS, ENDE_LS, ENTE_LS, EUTE_LS, FIZ_LS, GEM_LS, GEO_LS, GEOE_LS, GID_LS, HTA_LS, HTAE_LS, IBM_LS, ICM_LS, INS_LS, INSE_LS, ISL_LS, ISLE_LS, JEF_LS, JEO_LS, KIM_LS, KMM_LS, KOM_LS, KOME_LS, MAD_LS, MAK_LS, MAT_LS, MET_LS, METE_LS, MIM_LS, MIME_LS, MTO_LS, PEME_LS, PETE_LS, ROS_LS, ROSE_LS, SAO_OL, SBP_LS, SBPE_LS, SECE_LS, TEKE_LS, UCK_LS, UZBE_LS, VBAE_LS, YZVE_LS",30170
ING 112A,Basics of Academic Writing,Virtual (Online),Merve Sevtap Süren,Tuesday / Thursday,11:30/13:59 / 11:30/13:59,YDY / YDY / -- / --,0,24,"BIOE_LS, BLG_LS, BLGE_LS, CEV_LS, CEVE_LS, CHZ_LS, DEN_LS, ECNE_LS, EHB_LS, EHBE_LS, ELK_LS, ELKE_LS, END_LS, ENDE_LS, ENTE_LS, EUTE_LS, FIZ_LS, GEM_LS, GEO_LS, GEOE_LS, GID_LS, HTA_LS, HTAE_LS, IBM_LS, ICM_LS, INS_LS, INSE_LS, ISL_LS, ISLE_LS, JEF_LS, JEO_LS, KIM_LS, KMM_LS, KOM_LS, KOME_LS, MAD_LS, MAK_LS, MAT_LS, MET_LS, METE_LS, MIM_LS, MIME_LS, MTO_LS, PEME_LS, PETE_LS, ROS_LS, ROSE_LS, SAO_OL, SBP_LS, SBPE_LS, SECE_LS, TEKE_LS, UCK_LS, UZBE_LS, VBAE_LS, YZVE_LS",30171
ING 112A,Basics of Academic Writing,Virtual (Online),Hacer Şivil,Tuesday / Thursday,11:30/13:59 / 11:30/13:59,YDY / YDY / -- / --,0,24,"BIOE_LS, BLG_LS, BLGE_LS, CEV_LS, CEVE_LS, CHZ_LS, DEN_LS, ECNE_LS, EHB_LS, EHBE_LS, ELK_LS, ELKE_LS, END_LS, ENDE_LS, ENTE_LS, EUTE_LS, FIZ_LS, GEM_LS, GEO_LS, GEOE_LS, GID_LS, HTA_LS, HTAE_LS, IBM_LS, ICM_LS, INS_LS, INSE_LS, ISL_LS, ISLE_LS, JEF_LS, JEO_LS, KIM_LS, KMM_LS, KOM_LS, KOME_LS, MAD_LS, MAK_LS, MAT_LS, MET_LS, METE_LS, MIM_LS, MIME_LS, MTO_LS, PEME_LS, PETE_LS, ROS_LS, ROSE_LS, SAO_OL, SBP_LS, SBPE_LS, SECE_LS, TEKE_LS, UCK_LS, UZBE_LS, VBAE_LS, YZVE_LS",30172
ING 112A,Basics of Academic Writing,Virtual (Online),Hacer Şivil,Tuesday / Thursday,14:00/16:29 / 14:00/16:29,YDY / YDY / -- / --,0,24,"BIOE_LS, BLG_LS, BLGE_LS, CEV_LS, CEVE_LS, CHZ_LS, DEN_LS, ECNE_LS, EHB_LS, EHBE_LS, ELK_LS, ELKE_LS, END_LS, ENDE_LS, ENTE_LS, EUTE_LS, FIZ_LS, GEM_LS, GEO_LS, GEOE_LS, GID_LS, HTA_LS, HTAE_LS, IBM_LS, ICM_LS, INS_LS, INSE_LS, ISL_LS, ISLE_LS, JEF_LS, JEO_LS, KIM_LS, KMM_LS, KOM_LS, KOME_LS, MAD_LS, MAK_LS, MAT_LS, MET_LS, METE_LS, MIM_LS, MIME_LS, MTO_LS, PEME_LS, PETE_LS, ROS_LS, ROSE_LS, SAO_OL, SBP_LS, SBPE_LS, SECE_LS, TEKE_LS, UCK_LS, UZBE_LS, VBAE_LS, YZVE_LS",30173
ING 112A,Basics of Academic Writing,Virtual (Online),Hatice Gökçin Köksal Çekin,Tuesday / Thursday,09:00/11:29 / 09:00/11:29,YDY / YDY / -- / --,0,24,-,30174
ING 112A,Basics of Academic Writing,Virtual (Online),Hatice Gökçin Köksal Çekin,Tuesday / Thursday,11:30/13:59 / 11:30/13:59,YDY / YDY / -- / --,0,24,"BIOE_LS, BLG_LS, BLGE_LS, CEV_LS, CEVE_LS, CHZ_LS, DEN_LS, ECNE_LS, EHB_LS, EHBE_LS, ELK_LS, ELKE_LS, END_LS, ENDE_LS, ENTE_LS, EUTE_LS, FIZ_LS, GEM_LS, GEO_LS, GEOE_LS, GID_LS, HTA_LS, HTAE_LS, IBM_LS, ICM_LS, INS_LS, INSE_LS, ISL_LS, ISLE_LS, JEF_LS, JEO_LS, KIM_LS, KMM_LS, KOM_LS, KOME_LS, MAD_LS, MAK_LS, MAT_LS, MET_LS, METE_LS, MIM_LS, MIME_LS, MTO_LS, PEME_LS, PETE_LS, ROS_LS, ROSE_LS, SAO_OL, SBP_LS, SBPE_LS, SECE_LS, TEKE_LS, UCK_LS, UZBE_LS, VBAE_LS, YZVE_LS",30175
ING 201A,Essentials of Res.Paper Writ.,Virtual (Online),Mehtap İpek Kurt,Monday / Wednesday,09:00/11:29 / 09:00/11:29,YDY / YDY / -- / --,0,24,"BIOE_LS, BLG_LS, BLGE_LS, CEV_LS, CEVE_LS, CHZ_LS, DEN_LS, ECNE_LS, EHB_LS, EHBE_LS, ELK_LS, ELKE_LS, END_LS, ENDE_LS, ENTE_LS, EUTE_LS, FIZ_LS, GEM_LS, GEO_LS, GEOE_LS, GID_LS, HTA_LS, HTAE_LS, IBM_LS, ICM_LS, INS_LS, INSE_LS, ISL_LS, ISLE_LS, JEF_LS, JEO_LS, KIM_LS, KMM_LS, KOM_LS, KOME_LS, MAD_LS, MAK_LS, MAT_LS, MET_LS, METE_LS, MIM_LS, MIME_LS, MTO_LS, PEME_LS, PETE_LS, ROS_LS, ROSE_LS, SAO_OL, SBP_LS, SBPE_LS, SECE_LS, TEKE_LS, UCK_LS, UZBE_LS, VBAE_LS, YZVE_LS",30176
ING 201A,Essentials of Res.Paper Writ.,Virtual (Online),Mehtap İpek Kurt,Tuesday / Thursday,09:00/11:29 / 09:00/11:29,YDY / YDY / -- / --,0,24,"BIOE_LS, BLG_LS, BLGE_LS, CEV_LS, CEVE_LS, CHZ_LS, DEN_LS, ECNE_LS, EHB_LS, EHBE_LS, ELK_LS, ELKE_LS, END_LS, ENDE_LS, ENTE_LS, EUTE_LS, FIZ_LS, GEM_LS, GEO_LS, GEOE_LS, GID_LS, HTA_LS, HTAE_LS, IBM_LS, ICM_LS, INS_LS, INSE_LS, ISL_LS, ISLE_LS, JEF_LS, JEO_LS, KIM_LS, KMM_LS, KOM_LS, KOME_LS, MAD_LS, MAK_LS, MAT_LS, MET_LS, METE_LS, MIM_LS, MIME_LS, MTO_LS, PEME_LS, PETE_LS, ROS_LS, ROSE_LS, SAO_OL, SBP_LS, SBPE_LS, SECE_LS, TEKE_LS, UCK_LS, UZBE_LS, VBAE_LS, YZVE_LS",30177
ING 201A,Essentials of Res.Paper Writ.,Virtual (Online),Mehtap İpek Kurt,Monday / Thursday,11:30/13:59 / 11:30/13:59,YDY / YDY / -- / --,0,24,"BIOE_LS, BLG_LS, BLGE_LS, CEV_LS, CEVE_LS, CHZ_LS, DEN_LS, ECNE_LS, EHB_LS, EHBE_LS, ELK_LS, ELKE_LS, END_LS, ENDE_LS, ENTE_LS, EUTE_LS, FIZ_LS, GEM_LS, GEO_LS, GEOE_LS, GID_LS, HTA_LS, HTAE_LS, IBM_LS, ICM_LS, INS_LS, INSE_LS, ISL_LS, ISLE_LS, JEF_LS, JEO_LS, KIM_LS, KMM_LS, KOM_LS, KOME_LS, MAD_LS, MAK_LS, MAT_LS, MET_LS, METE_LS, MIM_LS, MIME_LS, MTO_LS, PEME_LS, PETE_LS, ROS_LS, ROSE_LS, SAO_OL, SBP_LS, SBPE_LS, SECE_LS, TEKE_LS, UCK_LS, UZBE_LS, VBAE_LS, YZVE_LS",30178
ING 201A,Essentials of Res.Paper Writ.,Virtual (Online),Mehtap İpek Kurt,Tuesday / Friday,11:30/13:59 / 14:00/16:29,YDY / YDY / -- / --,0,24,"BIOE_LS, BLG_LS, BLGE_LS, CEV_LS, CEVE_LS, CHZ_LS, DEN_LS, ECNE_LS, EHB_LS, EHBE_LS, ELK_LS, ELKE_LS, END_LS, ENDE_LS, ENTE_LS, EUTE_LS, FIZ_LS, GEM_LS, GEO_LS, GEOE_LS, GID_LS, HTA_LS, HTAE_LS, IBM_LS, ICM_LS, INS_LS, INSE_LS, ISL_LS, ISLE_LS, JEF_LS, JEO_LS, KIM_LS, KMM_LS, KOM_LS, KOME_LS, MAD_LS, MAK_LS, MAT_LS, MET_LS, METE_LS, MIM_LS, MIME_LS, MTO_LS, PEME_LS, PETE_LS, ROS_LS, ROSE_LS, SAO_OL, SBP_LS, SBPE_LS, SECE_LS, TEKE_LS, UCK_LS, UZBE_LS, VBAE_LS, YZVE_LS",30179
ING 201A,Essentials of Res.Paper Writ.,Virtual (Online),Mehtap İpek Kurt,Wednesday / Friday,11:30/13:59 / 09:00/11:29,YDY / YDY / -- / --,0,24,"BIOE_LS, BLG_LS, BLGE_LS, CEV_LS, CEVE_LS, CHZ_LS, DEN_LS, ECNE_LS, EHB_LS, EHBE_LS, ELK_LS, ELKE_LS, END_LS, ENDE_LS, ENTE_LS, EUTE_LS, FIZ_LS, GEM_LS, GEO_LS, GEOE_LS, GID_LS, HTA_LS, HTAE_LS, IBM_LS, ICM_LS, INS_LS, INSE_LS, ISL_LS, ISLE_LS, JEF_LS, JEO_LS, KIM_LS, KMM_LS, KOM_LS, KOME_LS, MAD_LS, MAK_LS, MAT_LS, MET_LS, METE_LS, MIM_LS, MIME_LS, MTO_LS, PEME_LS, PETE_LS, ROS_LS, ROSE_LS, SAO_OL, SBP_LS, SBPE_LS, SECE_LS, TEKE_LS, UCK_LS, UZBE_LS, VBAE_LS, YZVE_LS",30180
ING 201A,Essentials of Res.Paper Writ.,Virtual (Online),Meryem Simge Çengel Avcu,Monday / Wednesday,09:00/11:29 / 09:00/11:29,YDY / YDY / -- / --,0,24,"BIOE_LS, BLG_LS, BLGE_LS, CEV_LS, CEVE_LS, CHZ_LS, DEN_LS, ECNE_LS, EHB_LS, EHBE_LS, ELK_LS, ELKE_LS, END_LS, ENDE_LS, ENTE_LS, EUTE_LS, FIZ_LS, GEM_LS, GEO_LS, GEOE_LS, GID_LS, HTA_LS, HTAE_LS, IBM_LS, ICM_LS, INS_LS, INSE_LS, ISL_LS, ISLE_LS, JEF_LS, JEO_LS, KIM_LS, KMM_LS, KOM_LS, KOME_LS, MAD_LS, MAK_LS, MAT_LS, MET_LS, METE_LS, MIM_LS, MIME_LS, MTO_LS, PEME_LS, PETE_LS, ROS_LS, ROSE_LS, SAO_OL, SBP_LS, SBPE_LS, SECE_LS, TEKE_LS, UCK_LS, UZBE_LS, VBAE_LS, YZVE_LS",30181
ING 201A,Essentials of Res.Paper Writ.,Virtual (Online),Meryem Simge Çengel Avcu,Tuesday / Thursday,09:00/11:29 / 09:00/11:29,YDY / YDY / -- / --,0,24,"BIOE_LS, BLG_LS, BLGE_LS, CEV_LS, CEVE_LS, CHZ_LS, DEN_LS, ECNE_LS, EHB_LS, EHBE_LS, ELK_LS, ELKE_LS, END_LS, ENDE_LS, ENTE_LS, EUTE_LS, FIZ_LS, GEM_LS, GEO_LS, GEOE_LS, GID_LS, HTA_LS, HTAE_LS, IBM_LS, ICM_LS, INS_LS, INSE_LS, ISL_LS, ISLE_LS, JEF_LS, JEO_LS, KIM_LS, KMM_LS, KOM_LS, KOME_LS, MAD_LS, MAK_LS, MAT_LS, MET_LS, METE_LS, MIM_LS, MIME_LS, MTO_LS, PEME_LS, PETE_LS, ROS_LS, ROSE_LS, SAO_OL, SBP_LS, SBPE_LS, SECE_LS, TEKE_LS, UCK_LS, UZBE_LS, VBAE_LS, YZVE_LS",30182
ING 201A,Essentials of Res.Paper Writ.,Virtual (Online),Meryem Simge Çengel Avcu,Tuesday / Friday,11:30/13:59 / 09:00/11:29,YDY / YDY / -- / --,0,24,"BIOE_LS, BLG_LS, BLGE_LS, CEV_LS, CEVE_LS, CHZ_LS, DEN_LS, ECNE_LS, EHB_LS, EHBE_LS, ELK_LS, ELKE_LS, END_LS, ENDE_LS, ENTE_LS, EUTE_LS, FIZ_LS, GEM_LS, GEO_LS, GEOE_LS, GID_LS, HTA_LS, HTAE_LS, IBM_LS, ICM_LS, INS_LS, INSE_LS, ISL_LS, ISLE_LS, JEF_LS, JEO_LS, KIM_LS, KMM_LS, KOM_LS, KOME_LS, MAD_LS, MAK_LS, MAT_LS, MET_LS, METE_LS, MIM_LS, MIME_LS, MTO_LS, PEME_LS, PETE_LS, ROS_LS, ROSE_LS, SAO_OL, SBP_LS, SBPE_LS, SECE_LS, TEKE_LS, UCK_LS, UZBE_LS, VBAE_LS, YZVE_LS",30183
ING 201A,Essentials of Res.Paper Writ.,Virtual (Online),Gürcan Öztürk,Monday / Thursday,09:00/11:29 / 09:00/11:29,YDY / YDY / -- / --,0,24,"BIOE_LS, BLG_LS, BLGE_LS, CEV_LS, CEVE_LS, CHZ_LS, DEN_LS, ECNE_LS, EHB_LS, EHBE_LS, ELK_LS, ELKE_LS, END_LS, ENDE_LS, ENTE_LS, EUTE_LS, FIZ_LS, GEM_LS, GEO_LS, GEOE_LS, GID_LS, HTA_LS, HTAE_LS, IBM_LS, ICM_LS, INS_LS, INSE_LS, ISL_LS, ISLE_LS, JEF_LS, JEO_LS, KIM_LS, KMM_LS, KOM_LS, KOME_LS, MAD_LS, MAK_LS, MAT_LS, MET_LS, METE_LS, MIM_LS, MIME_LS, MTO_LS, PEME_LS, PETE_LS, ROS_LS, ROSE_LS, SAO_OL, SBP_LS, SBPE_LS, SECE_LS, TEKE_LS, UCK_LS, UZBE_LS, VBAE_LS, YZVE_LS",30184
ING 201A,Essentials of Res.Paper Writ.,Virtual (Online),Gürcan Öztürk,Monday / Thursday,11:30/13:59 / 11:30/13:59,YDY / YDY / -- / --,0,24,"BIOE_LS, BLG_LS, BLGE_LS, CEV_LS, CEVE_LS, CHZ_LS, DEN_LS, ECNE_LS, EHB_LS, EHBE_LS, ELK_LS, ELKE_LS, END_LS, ENDE_LS, ENTE_LS, EUTE_LS, FIZ_LS, GEM_LS, GEO_LS, GEOE_LS, GID_LS, HTA_LS, HTAE_LS, IBM_LS, ICM_LS, INS_LS, INSE_LS, ISL_LS, ISLE_LS, JEF_LS, JEO_LS, KIM_LS, KMM_LS, KOM_LS, KOME_LS, MAD_LS, MAK_LS, MAT_LS, MET_LS, METE_LS, MIM_LS, MIME_LS, MTO_LS, PEME_LS, PETE_LS, ROS_LS, ROSE_LS, SAO_OL, SBP_LS, SBPE_LS, SECE_LS, TEKE_LS, UCK_LS, UZBE_LS, VBAE_LS, YZVE_LS",30185
ING 201A,Essentials of Res.Paper Writ.,Virtual (Online),Gürcan Öztürk,Tuesday / Friday,09:00/11:29 / 09:00/11:29,YDY / YDY / -- / --,0,24,"BIOE_LS, BLG_LS, BLGE_LS, CEV_LS, CEVE_LS, CHZ_LS, DEN_LS, ECNE_LS, EHB_LS, EHBE_LS, ELK_LS, ELKE_LS, END_LS, ENDE_LS, ENTE_LS, EUTE_LS, FIZ_LS, GEM_LS, GEO_LS, GEOE_LS, GID_LS, HTA_LS, HTAE_LS, IBM_LS, ICM_LS, INS_LS, INSE_LS, ISL_LS, ISLE_LS, JEF_LS, JEO_LS, KIM_LS, KMM_LS, KOM_LS, KOME_LS, MAD_LS, MAK_LS, MAT_LS, MET_LS, METE_LS, MIM_LS, MIME_LS, MTO_LS, PEME_LS, PETE_LS, ROS_LS, ROSE_LS, SAO_OL, SBP_LS, SBPE_LS, SECE_LS, TEKE_LS, UCK_LS, UZBE_LS, VBAE_LS, YZVE_LS",30186
ING 201A,Essentials of Res.Paper Writ.,Virtual (Online),Gürcan Öztürk,Tuesday / Friday,11:30/13:59 / 14:00/16:29,YDY / YDY / -- / --,0,24,"BIOE_LS, BLG_LS, BLGE_LS, CEV_LS, CEVE_LS, CHZ_LS, DEN_LS, ECNE_LS, EHB_LS, EHBE_LS, ELK_LS, ELKE_LS, END_LS, ENDE_LS, ENTE_LS, EUTE_LS, FIZ_LS, GEM_LS, GEO_LS, GEOE_LS, GID_LS, HTA_LS, HTAE_LS, IBM_LS, ICM_LS, INS_LS, INSE_LS, ISL_LS, ISLE_LS, JEF_LS, JEO_LS, KIM_LS, KMM_LS, KOM_LS, KOME_LS, MAD_LS, MAK_LS, MAT_LS, MET_LS, METE_LS, MIM_LS, MIME_LS, MTO_LS, PEME_LS, PETE_LS, ROS_LS, ROSE_LS, SAO_OL, SBP_LS, SBPE_LS, SECE_LS, TEKE_LS, UCK_LS, UZBE_LS, VBAE_LS, YZVE_LS",30187
ING 201A,Essentials of Res.Paper Writ.,Virtual (Online),Hatice Gökçin Köksal Çekin,Monday / Wednesday,09:00/11:29 / 09:00/11:29,YDY / YDY / -- / --,0,24,"BIOE_LS, BLG_LS, BLGE_LS, CEV_LS, CEVE_LS, CHZ_LS, DEN_LS, ECNE_LS, EHB_LS, EHBE_LS, ELK_LS, ELKE_LS, END_LS, ENDE_LS, ENTE_LS, EUTE_LS, FIZ_LS, GEM_LS, GEO_LS, GEOE_LS, GID_LS, HTA_LS, HTAE_LS, IBM_LS, ICM_LS, INS_LS, INSE_LS, ISL_LS, ISLE_LS, JEF_LS, JEO_LS, KIM_LS, KMM_LS, KOM_LS, KOME_LS, MAD_LS, MAK_LS, MAT_LS, MET_LS, METE_LS, MIM_LS, MIME_LS, MTO_LS, PEME_LS, PETE_LS, ROS_LS, ROSE_LS, SAO_OL, SBP_LS, SBPE_LS, SECE_LS, TEKE_LS, UCK_LS, UZBE_LS, VBAE_LS, YZVE_LS",30188
ING 201A,Essentials of Res.Paper Writ.,Virtual (Online),Hatice Gökçin Köksal Çekin,Monday / Wednesday,11:30/13:59 / 11:30/13:59,YDY / YDY / -- / --,0,24,"BIOE_LS, BLG_LS, BLGE_LS, CEV_LS, CEVE_LS, CHZ_LS, DEN_LS, ECNE_LS, EHB_LS, EHBE_LS, ELK_LS, ELKE_LS, END_LS, ENDE_LS, ENTE_LS, EUTE_LS, FIZ_LS, GEM_LS, GEO_LS, GEOE_LS, GID_LS, HTA_LS, HTAE_LS, IBM_LS, ICM_LS, INS_LS, INSE_LS, ISL_LS, ISLE_LS, JEF_LS, JEO_LS, KIM_LS, KMM_LS, KOM_LS, KOME_LS, MAD_LS, MAK_LS, MAT_LS, MET_LS, METE_LS, MIM_LS, MIME_LS, MTO_LS, PEME_LS, PETE_LS, ROS_LS, ROSE_LS, SAO_OL, SBP_LS, SBPE_LS, SECE_LS, TEKE_LS, UCK_LS, UZBE_LS, VBAE_LS, YZVE_LS",30189
ING 201A,Essentials of Res.Paper Writ.,Virtual (Online),Suzan Arıman,Monday / Wednesday,09:00/11:29 / 09:00/11:29,YDY / YDY / -- / --,0,24,"BIOE_LS, BLG_LS, BLGE_LS, CEV_LS, CEVE_LS, CHZ_LS, DEN_LS, ECNE_LS, EHB_LS, EHBE_LS, ELK_LS, ELKE_LS, END_LS, ENDE_LS, ENTE_LS, EUTE_LS, FIZ_LS, GEM_LS, GEO_LS, GEOE_LS, GID_LS, HTA_LS, HTAE_LS, IBM_LS, ICM_LS, INS_LS, INSE_LS, ISL_LS, ISLE_LS, JEF_LS, JEO_LS, KIM_LS, KMM_LS, KOM_LS, KOME_LS, MAD_LS, MAK_LS, MAT_LS, MET_LS, METE_LS, MIM_LS, MIME_LS, MTO_LS, PEME_LS, PETE_LS, ROS_LS, ROSE_LS, SAO_OL, SBP_LS, SBPE_LS, SECE_LS, TEKE_LS, UCK_LS, UZBE_LS, VBAE_LS, YZVE_LS",30295
ING 201A,Essentials of Res.Paper Writ.,Virtual (Online),Suzan Arıman,Tuesday / Thursday,09:00/11:29 / 09:00/11:29,YDY / YDY / -- / --,0,24,"BIOE_LS, BLG_LS, BLGE_LS, CEV_LS, CEVE_LS, CHZ_LS, DEN_LS, ECNE_LS, EHB_LS, EHBE_LS, ELK_LS, ELKE_LS, END_LS, ENDE_LS, ENTE_LS, EUTE_LS, FIZ_LS, GEM_LS, GEO_LS, GEOE_LS, GID_LS, HTA_LS, HTAE_LS, IBM_LS, ICM_LS, INS_LS, INSE_LS, ISL_LS, ISLE_LS, JEF_LS, JEO_LS, KIM_LS, KMM_LS, KOM_LS, KOME_LS, MAD_LS, MAK_LS, MAT_LS, MET_LS, METE_LS, MIM_LS, MIME_LS, MTO_LS, PEME_LS, PETE_LS, ROS_LS, ROSE_LS, SAO_OL, SBP_LS, SBPE_LS, SECE_LS, TEKE_LS, UCK_LS, UZBE_LS, VBAE_LS, YZVE_LS",30296
ING 201A,Essentials of Res.Paper Writ.,Virtual (Online),Suzan Arıman,Monday / Wednesday,11:30/13:59 / 11:30/13:59,YDY / YDY / -- / --,0,24,"BIOE_LS, BLG_LS, BLGE_LS, CEV_LS, CEVE_LS, CHZ_LS, DEN_LS, ECNE_LS, EHB_LS, EHBE_LS, ELK_LS, ELKE_LS, END_LS, ENDE_LS, ENTE_LS, EUTE_LS, FIZ_LS, GEM_LS, GEO_LS, GEOE_LS, GID_LS, HTA_LS, HTAE_LS, IBM_LS, ICM_LS, INS_LS, INSE_LS, ISL_LS, ISLE_LS, JEF_LS, JEO_LS, KIM_LS, KMM_LS, KOM_LS, KOME_LS, MAD_LS, MAK_LS, MAT_LS, MET_LS, METE_LS, MIM_LS, MIME_LS, MTO_LS, PEME_LS, PETE_LS, ROS_LS, ROSE_LS, SAO_OL, SBP_LS, SBPE_LS, SECE_LS, TEKE_LS, UCK_LS, UZBE_LS, VBAE_LS, YZVE_LS",30297
ING 201A,Essentials of Res.Paper Writ.,Virtual (Online),Suzan Arıman,Tuesday / Thursday,11:30/13:59 / 11:30/13:59,YDY / YDY / -- / --,0,24,"BIOE_LS, BLG_LS, BLGE_LS, CEV_LS, CEVE_LS, CHZ_LS, DEN_LS, ECNE_LS, EHB_LS, EHBE_LS, ELK_LS, ELKE_LS, END_LS, ENDE_LS, ENTE_LS, EUTE_LS, FIZ_LS, GEM_LS, GEO_LS, GEOE_LS, GID_LS, HTA_LS, HTAE_LS, IBM_LS, ICM_LS, INS_LS, INSE_LS, ISL_LS, ISLE_LS, JEF_LS, JEO_LS, KIM_LS, KMM_LS, KOM_LS, KOME_LS, MAD_LS, MAK_LS, MAT_LS, MET_LS, METE_LS, MIM_LS, MIME_LS, MTO_LS, PEME_LS, PETE_LS, ROS_LS, ROSE_LS, SAO_OL, SBP_LS, SBPE_LS, SECE_LS, TEKE_LS, UCK_LS, UZBE_LS, VBAE_LS, YZVE_LS",30298
INS 102,Statik,Physical (Face to face),Erol Demirkan,Tuesday / Tuesday / Wednesday,10:00/12:29 / 13:30/16:59 / 13:30/16:59,INB / INB / INB / -- / -- / --,0,50,INS_LS,30374
INS 217,Mukavemet I,Physical (Face to face),Teoman Özer,Monday / Monday / Wednesday,08:30/12:29 / 13:30/17:29 / 08:30/09:59,INB / INB / INB / -- / -- / --,0,25,INS_LS,30370
INS 218,Mukavemet II,Physical (Face to face),Teoman Özer,Tuesday / Tuesday / Wednesday,08:30/12:29 / 13:30/17:29 / 10:30/11:59,INB / INB / INB / -- / -- / --,0,25,INS_LS,30371
INS 218E,Strength of Materials II,Physical (Face to face),Ünal Aldemir,Monday / Monday / Tuesday,08:30/12:29 / 13:30/15:29 / 08:30/11:59,INB / INB / INB / -- / -- / --,0,25,INSE_LS,30372
INS 226,Mühendis Matematik Model Esas,Physical (Face to face),Yavuz Selim Güçlü,Tuesday / Wednesday,09:00/12:29 / 09:00/12:29,INB / INB / -- / --,0,25,INS_LS,30380
INS 232E,Surveying,Physical (Face to face),Muhammed Enes Atik,Wednesday / Thursday,13:30/17:29 / 13:30/16:29,INB / INB / D201 / --,0,40,"INS_LS, INSE_LS",30397
INS 302,Karayolu Mühendisliği,Physical (Face to face),Kemal Selçuk Öğüt,Wednesday / Thursday / Friday,12:30/15:29 / 14:30/17:29 / 14:00/17:29,INB / INB / INB / -- / -- / --,0,30,INS_LS,30404
INS 325,Demiryolu Müh.,Physical (Face to face),Kemal Selçuk Öğüt,Wednesday / Thursday,15:30/17:29 / 11:30/14:29,INB / INB / -- / --,0,30,INS_LS,30405
INS 336,Yapı Statiği II,Physical (Face to face),"Yavuz Durgun , / Emre Gönülcü , / Mehmet Günhan Aksoylu",Tuesday / Tuesday / Wednesday,09:30/12:29 / 13:30/16:29 / 09:00/12:29,INB / INB / INB / -- / -- / --,0,40,INS_LS,30392
INS 336E,Theory of Structures II,Physical (Face to face),"Burcu Güneş , / Ülkü Hülya Çalık Karaköse , / Ahmet Güllü",Tuesday / Tuesday / Wednesday,09:30/12:29 / 13:30/16:29 / 09:00/12:29,INB / INB / INB / -- / -- / --,0,40,INSE_LS,30393
INS 354,Hidroloji,Physical (Face to face),Yavuz Selim Güçlü,Tuesday / Wednesday,13:00/16:29 / 13:00/16:29,INB / INB / -- / --,0,25,INS_LS,30381
INS 354E,Hydrology,Physical (Face to face),Mehmet Cüneyd Demirel,Wednesday / Thursday,09:30/13:29 / 10:30/13:29,INB / INB / -- / --,0,25,"INS_LS, INSE_LS",30379
INS 354E,Hydrology,Physical (Face to face),"Mehmet Özger , / Cihan Bayındır",Monday / Thursday,08:30/12:29 / 13:30/16:29,INB / INB / -- / --,0,50,INSE_LS,30382
INS 360,Hidrolik,Physical (Face to face),Necati Erdem Ünal,Monday / Tuesday / Wednesday,08:30/12:29 / 08:30/12:29 / 08:30/09:59,INB / INB / INB / -- / -- / --,0,30,INS_LS,30384
INS 360,Hidrolik,Physical (Face to face),Necati Erdem Ünal,Monday / Tuesday / Thursday,13:30/17:29 / 13:30/17:29 / 08:30/09:59,INB / INB / INB / -- / -- / --,0,30,CEV_LS,30385
INS 360E,Hydraulics,Physical (Face to face),Erdal Kesgin,Wednesday / Wednesday / Friday,08:30/12:29 / 13:30/16:29 / 09:30/11:59,INB / INB / INB / -- / -- / --,0,25,"INS_LS, INSE_LS",30377
INS 4042E,Dams,Physical (Face to face),"Şevket Çokgör , / Mehmet Melih Koşucu",Tuesday / Tuesday,08:30/12:29 / 13:30/16:29,INB / INB / -- / --,0,25,"INS_LS, INSE_LS",30391
INS 4075E,Hydrologic Modeling,Physical (Face to face),Mehmet Cüneyd Demirel,Monday / Tuesday / Friday,13:30/15:29 / 13:30/15:29 / 09:30/12:29,INB / INB / INB / -- / -- / --,0,25,"INS_LS, INSE_LS",30388
INS 4077,Su Getirme&Kanaliz. Sist.Tas.,Physical (Face to face),Mehmet Cüneyd Demirel,Monday / Tuesday,10:30/13:29 / 09:30/13:29,INB / INB / -- / --,0,25,INS_LS,30378
ITB 203,Sosyoloji,Physical (Face to face),Nurullah Ardıç,Monday / Tuesday,11:30/14:59 / 11:30/14:59,FEB / FEB / D106 / D106,0,35,"BIO_LS, BLG_LS, BST_LS, CAB_LS, CEB_LS, CEV_LS, CHZ_LS, DEN_LS, DUI_LS, EHB_LS, ELE_LS, ELH_LS, ELK_LS, END_LS, EUT_LS, FIZ_LS, GEM_LS, GEO_LS, GID_LS, GMI_LS, HTA_LS, IBM_LS, ICM_LS, IML_LS, INS_LS, ISL_LS, JEO_LS, KIM_LS, KMM_LS, KMP_LS, KOM_LS, MAD_LS, MAK_LS, MAT_LS, MET_LS, MIM_LS, MKN_LS, MTO_LS, MTR_LS, MUT_LS, MUZ_LS, MZT_LS, PEM_LS, PET_LS, SAO_OL, SBP_LS, SES_LS, TEB_LS, TEK_LS, THO_LS, UCK_LS, UZB_LS",30190
ITB 207,Osmanlı Tarihi,Physical (Face to face),Cüneyd Okay,Tuesday / Wednesday / Thursday,08:30/11:29 / 08:30/11:29 / 08:30/09:29,MMB / MMB / MMB / 215 / 215 / 215,0,20,"BIO_LS, BLG_LS, BST_LS, CAB_LS, CEB_LS, CEV_LS, CHZ_LS, DEN_LS, DUI_LS, EHB_LS, ELE_LS, ELH_LS, ELK_LS, END_LS, EUT_LS, FIZ_LS, GEM_LS, GEO_LS, GID_LS, GMI_LS, HTA_LS, IBM_LS, ICM_LS, IML_LS, INS_LS, ISL_LS, JEO_LS, KIM_LS, KMM_LS, KMP_LS, KOM_LS, MAD_LS, MAK_LS, MAT_LS, MET_LS, MIM_LS, MKN_LS, MTO_LS, MTR_LS, MUT_LS, MUZ_LS, MZT_LS, PEM_LS, PET_LS, SAO_OL, SBP_LS, SES_LS, TEB_LS, TEK_LS, THO_LS, UCK_LS, UZB_LS",30191
ITB 207,Osmanlı Tarihi,Physical (Face to face),Cüneyd Okay,Tuesday / Wednesday / Thursday,11:30/14:29 / 11:30/14:29 / 09:30/10:29,MMB / MMB / MMB / 215 / 215 / 215,0,20,"BIO_LS, BLG_LS, BST_LS, CAB_LS, CEB_LS, CEV_LS, CHZ_LS, DEN_LS, DUI_LS, EHB_LS, ELE_LS, ELH_LS, ELK_LS, END_LS, EUT_LS, FIZ_LS, GEM_LS, GEO_LS, GID_LS, GMI_LS, HTA_LS, IBM_LS, ICM_LS, IML_LS, INS_LS, ISL_LS, JEO_LS, KIM_LS, KMM_LS, KMP_LS, KOM_LS, MAD_LS, MAK_LS, MAT_LS, MET_LS, MIM_LS, MKN_LS, MTO_LS, MTR_LS, MUT_LS, MUZ_LS, MZT_LS, PEM_LS, PET_LS, SAO_OL, SBP_LS, SES_LS, TEB_LS, TEK_LS, THO_LS, UCK_LS, UZB_LS",30192
ITB 207,Osmanlı Tarihi,Physical (Face to face),Cüneyd Okay,Tuesday / Wednesday / Thursday,14:30/16:29 / 14:30/16:29 / 10:30/13:29,MMB / MMB / MMB / 215 / 215 / 215,0,20,"BIO_LS, BLG_LS, BST_LS, CAB_LS, CEB_LS, CEV_LS, CHZ_LS, DEN_LS, DUI_LS, EHB_LS, ELE_LS, ELH_LS, ELK_LS, END_LS, EUT_LS, FIZ_LS, GEM_LS, GEO_LS, GID_LS, GMI_LS, HTA_LS, IBM_LS, ICM_LS, IML_LS, INS_LS, ISL_LS, JEO_LS, KIM_LS, KMM_LS, KMP_LS, KOM_LS, MAD_LS, MAK_LS, MAT_LS, MET_LS, MIM_LS, MKN_LS, MTO_LS, MTR_LS, MUT_LS, MUZ_LS, MZT_LS, PEM_LS, PET_LS, SAO_OL, SBP_LS, SES_LS, TEB_LS, TEK_LS, THO_LS, UCK_LS, UZB_LS",30193
ITB 207E,Ottoman History,Physical (Face to face),Hasan Karataş,Monday / Wednesday,09:30/12:59 / 09:30/12:59,FEB / FEB / D203 / D203,0,35,"ARC_LS, BES_LS, BIO_LS, BIOE_LS, BLG_LS, BLGE_LS, BST_LS, CAB_3T_LS, CAB_4T_LS, CAB_BG_LS, CAB_DL_LS, CAB_DS_LS, CAB_KA_LS, CAB_KE_LS, CAB_KL_LS, CAB_KM_LS, CAB_KO_LS, CAB_LS, CAB_ME_LS, CAB_NE_LS, CAB_TA_LS, CAB_TN_LS, CAB_UD_LS, CAB_VC_LS, CAB_VI_LS, CAB_VS_LS, CEB_LS, CEN_LS, CES_LS, CEV_LS, CEVE_LS, CHZ_LS, CHZE_LS, DEN_LS, DENE_LS, DUI_LS, DUIE_LS, ECNE_LS, EEE_LS, EFN_LS, EHB_LS, EHBE_LS, EHN_LS, EHS_LS, ELE_LS, ELH_LS, ELK_LS, ELKE_LS, END_LS, ENDE_LS, ENT_LS, ENTE_LS, ESS_LS, EUT_LS, EUTE_LS, FIZ_LS, FIZE_LS, GEM_LS, GEME_LS, GEMK_LS, GEO_LS, GEOE_LS, GID_LS, GIDE_LS, GMI_LS, GMIE_LS, HTA_LS, HTAE_LS, IAD_LS, IBM_LS, ICM_LS, IEBE_LS, IML_LS, IMLE_LS, IND_LS, INS_LS, INSE_LS, ISL_LS, ISLE_LS, JEF_LS, JEFE_LS, JEO_LS, JEOE_LS, KIM_LS, KIME_LS, KMM_LS, KMME_LS, KMP_LS, KOM_LS, KOME_LS, KON_LS, MAD_LS, MADE_LS, MAK_LS, MAKE_LS, MAT_LS, MATE_LS, MBI_LS, MEN_LS, MET_LS, METE_LS, MIM_LS, MIME_LS, MMD_LS, MSS_LS, MTM_LS, MTO_LS, MTOE_LS, MTR_LS, MUT_LS, MUZ_LS, MUZE_LS, MZT_LS, NAE_LS, PEM_LS, PEME_LS, PET_LS, PETE_LS, ROS_LS, ROSE_LS, SAO_OL, SAS_LS, SBL_LS, SBP_LS, SBPE_LS, SDU_LS, SECE_LS, SED_LS, SEK_LS, SEN_LS, SES_LS, SES_TH_LS, SES_TS_LS, SGI_LS, SGM_LS, SIN_LS, SIS_LS, SMT_LS, STP_LS, TEB_LS, TEK_LS, TEKE_LS, TEL_LS, THO_LS, UCK_LS, UZB_LS, UZBE_LS, VBAE_LS, YZVE_LS",30194
ITB 207E,Ottoman History,Physical (Face to face),Hasan Karataş,Monday / Wednesday,13:30/16:59 / 13:30/16:59,FEB / FEB / D105 / D105,0,35,"ARC_LS, BES_LS, BIO_LS, BIOE_LS, BLG_LS, BLGE_LS, BST_LS, CAB_3T_LS, CAB_4T_LS, CAB_BG_LS, CAB_DL_LS, CAB_DS_LS, CAB_KA_LS, CAB_KE_LS, CAB_KL_LS, CAB_KM_LS, CAB_KO_LS, CAB_LS, CAB_ME_LS, CAB_NE_LS, CAB_TA_LS, CAB_TN_LS, CAB_UD_LS, CAB_VC_LS, CAB_VI_LS, CAB_VS_LS, CEB_LS, CEN_LS, CES_LS, CEV_LS, CEVE_LS, CHZ_LS, CHZE_LS, DEN_LS, DENE_LS, DUI_LS, DUIE_LS, ECNE_LS, EEE_LS, EFN_LS, EHB_LS, EHBE_LS, EHN_LS, EHS_LS, ELE_LS, ELH_LS, ELK_LS, ELKE_LS, END_LS, ENDE_LS, ENT_LS, ENTE_LS, ESS_LS, EUT_LS, EUTE_LS, FIZ_LS, FIZE_LS, GEM_LS, GEME_LS, GEMK_LS, GEO_LS, GEOE_LS, GID_LS, GIDE_LS, GMI_LS, GMIE_LS, HTA_LS, HTAE_LS, IAD_LS, IBM_LS, ICM_LS, IEBE_LS, IML_LS, IMLE_LS, IND_LS, INS_LS, INSE_LS, ISL_LS, ISLE_LS, JEF_LS, JEFE_LS, JEO_LS, JEOE_LS, KIM_LS, KIME_LS, KMM_LS, KMME_LS, KMP_LS, KOM_LS, KOME_LS, KON_LS, MAD_LS, MADE_LS, MAK_LS, MAKE_LS, MAT_LS, MATE_LS, MBI_LS, MEN_LS, MET_LS, METE_LS, MIM_LS, MIME_LS, MMD_LS, MSS_LS, MTM_LS, MTO_LS, MTOE_LS, MTR_LS, MUT_LS, MUZ_LS, MUZE_LS, MZT_LS, NAE_LS, PEM_LS, PEME_LS, PET_LS, PETE_LS, ROS_LS, ROSE_LS, SAO_OL, SAS_LS, SBL_LS, SBP_LS, SBPE_LS, SDU_LS, SECE_LS, SED_LS, SEK_LS, SEN_LS, SES_LS, SES_TH_LS, SES_TS_LS, SGI_LS, SGM_LS, SIN_LS, SIS_LS, SMT_LS, STP_LS, TEB_LS, TEK_LS, TEKE_LS, TEL_LS, THO_LS, UCK_LS, UZB_LS, UZBE_LS, VBAE_LS, YZVE_LS",30195
ITB 214E,The Modern Middle East,Physical (Face to face),Umut Uzer,Tuesday / Wednesday,10:30/14:29 / 10:30/13:29,FEB / FEB / D206 / D206,0,30,"ARC_LS, BES_LS, BIO_LS, BIOE_LS, BLG_LS, BLGE_LS, BST_LS, CAB_3T_LS, CAB_4T_LS, CAB_BG_LS, CAB_DL_LS, CAB_DS_LS, CAB_KA_LS, CAB_KE_LS, CAB_KL_LS, CAB_KM_LS, CAB_KO_LS, CAB_LS, CAB_ME_LS, CAB_NE_LS, CAB_TA_LS, CAB_TN_LS, CAB_UD_LS, CAB_VC_LS, CAB_VI_LS, CAB_VS_LS, CEB_LS, CEN_LS, CES_LS, CEV_LS, CEVE_LS, CHZ_LS, CHZE_LS, DEN_LS, DENE_LS, DUI_LS, DUIE_LS, ECNE_LS, EEE_LS, EFN_LS, EHB_LS, EHBE_LS, EHN_LS, EHS_LS, ELE_LS, ELH_LS, ELK_LS, ELKE_LS, END_LS, ENDE_LS, ENT_LS, ENTE_LS, ESS_LS, EUT_LS, EUTE_LS, FIZ_LS, FIZE_LS, GEM_LS, GEME_LS, GEMK_LS, GEO_LS, GEOE_LS, GID_LS, GIDE_LS, GMI_LS, GMIE_LS, HTA_LS, HTAE_LS, IAD_LS, IBM_LS, ICM_LS, IEBE_LS, IML_LS, IMLE_LS, IND_LS, INS_LS, INSE_LS, ISL_LS, ISLE_LS, JEF_LS, JEFE_LS, JEO_LS, JEOE_LS, KIM_LS, KIME_LS, KMM_LS, KMME_LS, KMP_LS, KOM_LS, KOME_LS, KON_LS, MAD_LS, MADE_LS, MAK_LS, MAKE_LS, MAT_LS, MATE_LS, MBI_LS, MEN_LS, MET_LS, METE_LS, MIM_LS, MIME_LS, MMD_LS, MSS_LS, MTM_LS, MTO_LS, MTOE_LS, MTR_LS, MUT_LS, MUZ_LS, MUZE_LS, MZT_LS, NAE_LS, PEM_LS, PEME_LS, PET_LS, PETE_LS, ROS_LS, ROSE_LS, SAO_OL, SAS_LS, SBL_LS, SBP_LS, SBPE_LS, SDU_LS, SECE_LS, SED_LS, SEK_LS, SEN_LS, SES_LS, SES_TH_LS, SES_TS_LS, SGI_LS, SGM_LS, SIN_LS, SIS_LS, SMT_LS, STP_LS, TEB_LS, TEK_LS, TEKE_LS, TEL_LS, THO_LS, UCK_LS, UZB_LS, UZBE_LS, VBAE_LS, YZVE_LS",30196
ITB 214E,The Modern Middle East,Physical (Face to face),Umut Uzer,Tuesday / Wednesday,14:30/17:29 / 13:30/17:29,FEB / FEB / D206 / D206,0,30,"ARC_LS, BES_LS, BIO_LS, BIOE_LS, BLG_LS, BLGE_LS, BST_LS, CAB_3T_LS, CAB_4T_LS, CAB_BG_LS, CAB_DL_LS, CAB_DS_LS, CAB_KA_LS, CAB_KE_LS, CAB_KL_LS, CAB_KM_LS, CAB_KO_LS, CAB_LS, CAB_ME_LS, CAB_NE_LS, CAB_TA_LS, CAB_TN_LS, CAB_UD_LS, CAB_VC_LS, CAB_VI_LS, CAB_VS_LS, CEB_LS, CEN_LS, CES_LS, CEV_LS, CEVE_LS, CHZ_LS, CHZE_LS, DEN_LS, DENE_LS, DUI_LS, DUIE_LS, ECNE_LS, EEE_LS, EFN_LS, EHB_LS, EHBE_LS, EHN_LS, EHS_LS, ELE_LS, ELH_LS, ELK_LS, ELKE_LS, END_LS, ENDE_LS, ENT_LS, ENTE_LS, ESS_LS, EUT_LS, EUTE_LS, FIZ_LS, FIZE_LS, GEM_LS, GEME_LS, GEMK_LS, GEO_LS, GEOE_LS, GID_LS, GIDE_LS, GMI_LS, GMIE_LS, HTA_LS, HTAE_LS, IAD_LS, IBM_LS, ICM_LS, IEBE_LS, IML_LS, IMLE_LS, IND_LS, INS_LS, INSE_LS, ISL_LS, ISLE_LS, JEF_LS, JEFE_LS, JEO_LS, JEOE_LS, KIM_LS, KIME_LS, KMM_LS, KMME_LS, KMP_LS, KOM_LS, KOME_LS, KON_LS, MAD_LS, MADE_LS, MAK_LS, MAKE_LS, MAT_LS, MATE_LS, MBI_LS, MEN_LS, MET_LS, METE_LS, MIM_LS, MIME_LS, MMD_LS, MSS_LS, MTM_LS, MTO_LS, MTOE_LS, MTR_LS, MUT_LS, MUZ_LS, MUZE_LS, MZT_LS, NAE_LS, PEM_LS, PEME_LS, PET_LS, PETE_LS, ROS_LS, ROSE_LS, SAO_OL, SAS_LS, SBL_LS, SBP_LS, SBPE_LS, SDU_LS, SECE_LS, SED_LS, SEK_LS, SEN_LS, SES_LS, SES_TH_LS, SES_TS_LS, SGI_LS, SGM_LS, SIN_LS, SIS_LS, SMT_LS, STP_LS, TEB_LS, TEK_LS, TEKE_LS, TEL_LS, THO_LS, UCK_LS, UZB_LS, UZBE_LS, VBAE_LS, YZVE_LS",30197
ITB 218,Bilim ve Teknoloji Tarihi,Physical (Face to face),Aytekin Çökelez,Monday / Tuesday,08:30/11:29 / 08:30/12:29,FEB / FEB / D103 / D103,0,35,"BIO_LS, BLG_LS, BST_LS, CAB_LS, CEB_LS, CEV_LS, CHZ_LS, DEN_LS, DUI_LS, EHB_LS, ELE_LS, ELH_LS, ELK_LS, END_LS, EUT_LS, FIZ_LS, GEM_LS, GEO_LS, GID_LS, GMI_LS, HTA_LS, IBM_LS, ICM_LS, IML_LS, INS_LS, ISL_LS, JEO_LS, KIM_LS, KMM_LS, KMP_LS, KOM_LS, MAD_LS, MAK_LS, MAT_LS, MET_LS, MIM_LS, MKN_LS, MTO_LS, MTR_LS, MUT_LS, MUZ_LS, MZT_LS, PEM_LS, PET_LS, SAO_OL, SBP_LS, SES_LS, TEB_LS, TEK_LS, THO_LS, UCK_LS, UZB_LS",30198
ITB 218,Bilim ve Teknoloji Tarihi,Physical (Face to face),Aytekin Çökelez,Monday / Tuesday,11:30/14:29 / 12:30/16:29,FEB / FEB / D103 / D103,0,35,"BIO_LS, BLG_LS, BST_LS, CAB_LS, CEB_LS, CEV_LS, CHZ_LS, DEN_LS, DUI_LS, EHB_LS, ELE_LS, ELH_LS, ELK_LS, END_LS, EUT_LS, FIZ_LS, GEM_LS, GEO_LS, GID_LS, GMI_LS, HTA_LS, IBM_LS, ICM_LS, IML_LS, INS_LS, ISL_LS, JEO_LS, KIM_LS, KMM_LS, KMP_LS, KOM_LS, MAD_LS, MAK_LS, MAT_LS, MET_LS, MIM_LS, MKN_LS, MTO_LS, MTR_LS, MUT_LS, MUZ_LS, MZT_LS, PEM_LS, PET_LS, SAO_OL, SBP_LS, SES_LS, TEB_LS, TEK_LS, THO_LS, UCK_LS, UZB_LS",30199
ITB 218,Bilim ve Teknoloji Tarihi,Physical (Face to face),Aytekin Çökelez,Monday / Wednesday,14:30/17:29 / 08:30/12:29,FEB / FEB / D103 / D103,0,35,"BIO_LS, BLG_LS, BST_LS, CAB_LS, CEB_LS, CEV_LS, CHZ_LS, DEN_LS, DUI_LS, EHB_LS, ELE_LS, ELH_LS, ELK_LS, END_LS, EUT_LS, FIZ_LS, GEM_LS, GEO_LS, GID_LS, GMI_LS, HTA_LS, IBM_LS, ICM_LS, IML_LS, INS_LS, ISL_LS, JEO_LS, KIM_LS, KMM_LS, KMP_LS, KOM_LS, MAD_LS, MAK_LS, MAT_LS, MET_LS, MIM_LS, MKN_LS, MTO_LS, MTR_LS, MUT_LS, MUZ_LS, MZT_LS, PEM_LS, PET_LS, SAO_OL, SBP_LS, SES_LS, TEB_LS, TEK_LS, THO_LS, UCK_LS, UZB_LS",30200
ITB 218,Bilim ve Teknoloji Tarihi,Physical (Face to face),Aytekin Çökelez,Wednesday / Thursday,12:30/16:29 / 08:30/11:29,FEB / FEB / D103 / D103,0,35,"BIO_LS, BLG_LS, BST_LS, CAB_LS, CEB_LS, CEV_LS, CHZ_LS, DEN_LS, DUI_LS, EHB_LS, ELE_LS, ELH_LS, ELK_LS, END_LS, EUT_LS, FIZ_LS, GEM_LS, GEO_LS, GID_LS, GMI_LS, HTA_LS, IBM_LS, ICM_LS, IML_LS, INS_LS, ISL_LS, JEO_LS, KIM_LS, KMM_LS, KMP_LS, KOM_LS, MAD_LS, MAK_LS, MAT_LS, MET_LS, MIM_LS, MKN_LS, MTO_LS, MTR_LS, MUT_LS, MUZ_LS, MZT_LS, PEM_LS, PET_LS, SAO_OL, SBP_LS, SES_LS, TEB_LS, TEK_LS, THO_LS, UCK_LS, UZB_LS",30201
ITB 218,Bilim ve Teknoloji Tarihi,Physical (Face to face),Tuncay Zorlu,Tuesday / Thursday,08:30/11:29 / 08:30/12:29,FEB / FEB / D306 / D306,0,30,"BIO_LS, BLG_LS, BST_LS, CAB_LS, CEB_LS, CEV_LS, CHZ_LS, DEN_LS, DUI_LS, EHB_LS, ELE_LS, ELH_LS, ELK_LS, END_LS, EUT_LS, FIZ_LS, GEM_LS, GEO_LS, GID_LS, GMI_LS, HTA_LS, IBM_LS, ICM_LS, IML_LS, INS_LS, ISL_LS, JEO_LS, KIM_LS, KMM_LS, KMP_LS, KOM_LS, MAD_LS, MAK_LS, MAT_LS, MET_LS, MIM_LS, MKN_LS, MTO_LS, MTR_LS, MUT_LS, MUZ_LS, MZT_LS, PEM_LS, PET_LS, SAO_OL, SBP_LS, SES_LS, TEB_LS, TEK_LS, THO_LS, UCK_LS, UZB_LS",30308
ITB 218,Bilim ve Teknoloji Tarihi,Physical (Face to face),Tuncay Zorlu,Tuesday / Thursday,12:30/15:29 / 12:30/16:29,FEB / FEB / D306 / D306,0,30,"BIO_LS, BLG_LS, BST_LS, CAB_LS, CEB_LS, CEV_LS, CHZ_LS, DEN_LS, DUI_LS, EHB_LS, ELE_LS, ELH_LS, ELK_LS, END_LS, EUT_LS, FIZ_LS, GEM_LS, GEO_LS, GID_LS, GMI_LS, HTA_LS, IBM_LS, ICM_LS, IML_LS, INS_LS, ISL_LS, JEO_LS, KIM_LS, KMM_LS, KMP_LS, KOM_LS, MAD_LS, MAK_LS, MAT_LS, MET_LS, MIM_LS, MKN_LS, MTO_LS, MTR_LS, MUT_LS, MUZ_LS, MZT_LS, PEM_LS, PET_LS, SAO_OL, SBP_LS, SES_LS, TEB_LS, TEK_LS, THO_LS, UCK_LS, UZB_LS",30309
ITB 218,Bilim ve Teknoloji Tarihi,Physical (Face to face),Aytekin Çökelez,Thursday / Friday,11:30/15:29 / 08:30/11:29,FEB / FEB / D103 / D103,0,35,"BIO_LS, BLG_LS, BST_LS, CAB_LS, CEB_LS, CEV_LS, CHZ_LS, DEN_LS, DUI_LS, EHB_LS, ELE_LS, ELH_LS, ELK_LS, END_LS, EUT_LS, FIZ_LS, GEM_LS, GEO_LS, GID_LS, GMI_LS, HTA_LS, IBM_LS, ICM_LS, IML_LS, INS_LS, ISL_LS, JEO_LS, KIM_LS, KMM_LS, KMP_LS, KOM_LS, MAD_LS, MAK_LS, MAT_LS, MET_LS, MIM_LS, MKN_LS, MTO_LS, MTR_LS, MUT_LS, MUZ_LS, MZT_LS, PEM_LS, PET_LS, SAO_OL, SBP_LS, SES_LS, TEB_LS, TEK_LS, THO_LS, UCK_LS, UZB_LS",30411
JEO 112,Genel Jeoloji,Physical (Face to face),Kürşad Kadir Eriş,Wednesday,08:30/15:29,MDB / --,0,35,"JEO_LS, MAD_LS",30300
JEO 348,Sedimenter Kayaç Petrografisi,Physical (Face to face),Kürşad Kadir Eriş,Thursday / Thursday,08:30/11:29 / 13:30/17:29,MDB / MDB / -- / --,0,25,JEO_LS,30301
KIM 101,Genel Kimya I,Physical (Face to face),Altuğ Mert Sevim,Tuesday / Wednesday,08:30/11:59 / 14:00/17:29,MED / MED / A31 / A31,0,75,"BIO_LS, BLG_LS, CHZ_LS, DEN_LS, EHB_LS, ELE_LS, ELH_LS, ELK_LS, GID_LS, HTA_LS, IBM_LS, IML_LS, INS_LS, JEF_LS, JEO_LS, KIM_YD, KMM_LS, KMM_YD, KOM_LS, MAD_LS, MAK_LS, MAT_LS, MET_LS, PET_LS, ROS_LS, TEK_LS, TEK_YD, TEL_LS, UCK_LS, UCK_YD, UZB_LS, UZB_YD",30232
KIM 101,Genel Kimya I,Physical (Face to face),Cüneyt Hüseyin Ünlü,Tuesday / Thursday,13:30/17:29 / 10:30/13:29,MED / MED / A32 / A32,0,75,"BIO_LS, BLG_LS, CHZ_LS, DEN_LS, EHB_LS, ELE_LS, ELH_LS, ELK_LS, GID_LS, HTA_LS, IBM_LS, IML_LS, INS_LS, JEF_LS, JEO_LS, KIM_YD, KMM_LS, KMM_YD, KOM_LS, MAD_LS, MAK_LS, MAT_LS, MET_LS, PET_LS, ROS_LS, TEK_LS, TEK_YD, TEL_LS, UCK_LS, UCK_YD, UZB_LS, UZB_YD",30233
KIM 101E,General Chemistry I,Physical (Face to face),Altuğ Mert Sevim,Tuesday / Thursday,14:00/17:29 / 08:30/11:59,MED / MED / A31 / A31,0,70,"BIO_LS, BIOE_LS, BLG_LS, BLGE_LS, CEN_LS, CEV_LS, CEVE_LS, CHZ_LS, CHZE_LS, DEN_LS, DENE_LS, EEE_LS, EHB_LS, EHBE_LS, ELE_LS, ELH_LS, ELK_LS, ELKE_LS, END_LS, ENDE_LS, FIZ_LS, FIZE_LS, GEM_LS, GEME_LS, GEMK_LS, GEO_LS, GEOE_LS, GID_LS, GIDE_LS, HTA_LS, HTAE_LS, IBM_LS, IML_LS, IMLE_LS, IND_LS, INS_LS, INSE_LS, ISL_LS, ISLE_LS, JEF_LS, JEFE_LS, JEO_LS, JEOE_LS, KIM_YD, KMM_LS, KMM_YD, KMME_LS, KOM_LS, KOME_LS, MAD_LS, MADE_LS, MAK_LS, MAKE_LS, MAT_LS, MATE_LS, MEN_LS, MET_LS, METE_LS, MTM_LS, MTO_LS, MTOE_LS, NAE_LS, PET_LS, PETE_LS, ROS_LS, ROSE_LS, SECE_LS, TEK_LS, TEK_YD, TEKE_LS, TEL_LS, UCK_LS, UCK_YD, UZB_LS, UZB_YD, UZBE_LS, VBAE_LS",30234
KIM 101E,General Chemistry I,Physical (Face to face),Muhammet Übeydullah Kahveci,Tuesday / Thursday,08:30/11:59 / 08:30/11:59,MED / MED / A33 / A33,0,70,"BIO_LS, BIOE_LS, BLG_LS, BLGE_LS, CEN_LS, CEV_LS, CEVE_LS, CHZ_LS, CHZE_LS, DEN_LS, DENE_LS, EEE_LS, EHB_LS, EHBE_LS, ELE_LS, ELH_LS, ELK_LS, ELKE_LS, END_LS, ENDE_LS, FIZ_LS, FIZE_LS, GEM_LS, GEME_LS, GEMK_LS, GEO_LS, GEOE_LS, GID_LS, GIDE_LS, HTA_LS, HTAE_LS, IBM_LS, IML_LS, IMLE_LS, IND_LS, INS_LS, INSE_LS, ISL_LS, ISLE_LS, JEF_LS, JEFE_LS, JEO_LS, JEOE_LS, KIM_YD, KMM_LS, KMM_YD, KMME_LS, KOM_LS, KOME_LS, MAD_LS, MADE_LS, MAK_LS, MAKE_LS, MAT_LS, MATE_LS, MEN_LS, MET_LS, METE_LS, MTM_LS, MTO_LS, MTOE_LS, NAE_LS, PET_LS, PETE_LS, ROS_LS, ROSE_LS, SECE_LS, TEK_LS, TEK_YD, TEKE_LS, TEL_LS, UCK_LS, UCK_YD, UZB_LS, UZB_YD, UZBE_LS, VBAE_LS",30235
KIM 101E,General Chemistry I,Physical (Face to face),Cüneyt Hüseyin Ünlü,Wednesday / Thursday,13:30/17:29 / 13:30/16:29,MED / MED / A32 / A32,0,70,"BIO_LS, BIOE_LS, BLG_LS, BLGE_LS, CEN_LS, CEV_LS, CEVE_LS, CHZ_LS, CHZE_LS, DEN_LS, DENE_LS, EEE_LS, EHB_LS, EHBE_LS, ELE_LS, ELH_LS, ELK_LS, ELKE_LS, END_LS, ENDE_LS, FIZ_LS, FIZE_LS, GEM_LS, GEME_LS, GEMK_LS, GEO_LS, GEOE_LS, GID_LS, GIDE_LS, HTA_LS, HTAE_LS, IBM_LS, IML_LS, IMLE_LS, IND_LS, INS_LS, INSE_LS, ISL_LS, ISLE_LS, JEF_LS, JEFE_LS, JEO_LS, JEOE_LS, KIM_YD, KMM_LS, KMM_YD, KMME_LS, KOM_LS, KOME_LS, MAD_LS, MADE_LS, MAK_LS, MAKE_LS, MAT_LS, MATE_LS, MEN_LS, MET_LS, METE_LS, MTM_LS, MTO_LS, MTOE_LS, NAE_LS, PET_LS, PETE_LS, ROS_LS, ROSE_LS, SECE_LS, TEK_LS, TEK_YD, TEKE_LS, TEL_LS, UCK_LS, UCK_YD, UZB_LS, UZB_YD, UZBE_LS, VBAE_LS",30236
KIM 101E,General Chemistry I,Physical (Face to face),Abdullah Aydoğan,Monday / Wednesday,08:30/11:59 / 08:30/11:59,MED / MED / A33 / A33,0,70,"BIO_LS, BIOE_LS, BLG_LS, BLGE_LS, CEN_LS, CEV_LS, CEVE_LS, CHZ_LS, CHZE_LS, DEN_LS, DENE_LS, EEE_LS, EHB_LS, EHBE_LS, ELE_LS, ELH_LS, ELK_LS, ELKE_LS, END_LS, ENDE_LS, FIZ_LS, FIZE_LS, GEM_LS, GEME_LS, GEMK_LS, GEO_LS, GEOE_LS, GID_LS, GIDE_LS, HTA_LS, HTAE_LS, IBM_LS, IML_LS, IMLE_LS, IND_LS, INS_LS, INSE_LS, ISL_LS, ISLE_LS, JEF_LS, JEFE_LS, JEO_LS, JEOE_LS, KIM_YD, KMM_LS, KMM_YD, KMME_LS, KOM_LS, KOME_LS, MAD_LS, MADE_LS, MAK_LS, MAKE_LS, MAT_LS, MATE_LS, MEN_LS, MET_LS, METE_LS, MTM_LS, MTO_LS, MTOE_LS, NAE_LS, PET_LS, PETE_LS, ROS_LS, ROSE_LS, SECE_LS, TEK_LS, TEK_YD, TEKE_LS, TEL_LS, UCK_LS, UCK_YD, UZB_LS, UZB_YD, UZBE_LS, VBAE_LS",30237
KIM 101E,General Chemistry I,Physical (Face to face),Muhammet Übeydullah Kahveci,Tuesday / Thursday,13:30/16:59 / 13:30/16:59,MED / MED / A33 / A33,0,70,"BIO_LS, BIOE_LS, BLG_LS, BLGE_LS, CEN_LS, CEV_LS, CEVE_LS, CHZ_LS, CHZE_LS, DEN_LS, DENE_LS, EEE_LS, EHB_LS, EHBE_LS, ELE_LS, ELH_LS, ELK_LS, ELKE_LS, END_LS, ENDE_LS, FIZ_LS, FIZE_LS, GEM_LS, GEME_LS, GEMK_LS, GEO_LS, GEOE_LS, GID_LS, GIDE_LS, HTA_LS, HTAE_LS, IBM_LS, IML_LS, IMLE_LS, IND_LS, INS_LS, INSE_LS, ISL_LS, ISLE_LS, JEF_LS, JEFE_LS, JEO_LS, JEOE_LS, KIM_YD, KMM_LS, KMM_YD, KMME_LS, KOM_LS, KOME_LS, MAD_LS, MADE_LS, MAK_LS, MAKE_LS, MAT_LS, MATE_LS, MEN_LS, MET_LS, METE_LS, MTM_LS, MTO_LS, MTOE_LS, NAE_LS, PET_LS, PETE_LS, ROS_LS, ROSE_LS, SECE_LS, TEK_LS, TEK_YD, TEKE_LS, TEL_LS, UCK_LS, UCK_YD, UZB_LS, UZB_YD, UZBE_LS, VBAE_LS",30238
KIM 101E,General Chemistry I,Physical (Face to face),Abdullah Aydoğan,Monday / Wednesday,14:00/17:29 / 14:00/17:29,MED / MED / A33 / A33,0,70,"BIO_LS, BIOE_LS, BLG_LS, BLGE_LS, CEN_LS, CEV_LS, CEVE_LS, CHZ_LS, CHZE_LS, DEN_LS, DENE_LS, EEE_LS, EHB_LS, EHBE_LS, ELE_LS, ELH_LS, ELK_LS, ELKE_LS, END_LS, ENDE_LS, FIZ_LS, FIZE_LS, GEM_LS, GEME_LS, GEMK_LS, GEO_LS, GEOE_LS, GID_LS, GIDE_LS, HTA_LS, HTAE_LS, IBM_LS, IML_LS, IMLE_LS, IND_LS, INS_LS, INSE_LS, ISL_LS, ISLE_LS, JEF_LS, JEFE_LS, JEO_LS, JEOE_LS, KIM_YD, KMM_LS, KMM_YD, KMME_LS, KOM_LS, KOME_LS, MAD_LS, MADE_LS, MAK_LS, MAKE_LS, MAT_LS, MATE_LS, MEN_LS, MET_LS, METE_LS, MTM_LS, MTO_LS, MTOE_LS, NAE_LS, PET_LS, PETE_LS, ROS_LS, ROSE_LS, SECE_LS, TEK_LS, TEK_YD, TEKE_LS, TEL_LS, UCK_LS, UCK_YD, UZB_LS, UZB_YD, UZBE_LS, VBAE_LS",30239
KIM 202,Fiziksel Kimya,Physical (Face to face),Erdem Yavuz,Monday / Tuesday,08:30/11:59 / 08:30/11:59,FEB / FEB / D201 / D201,0,50,"BIO_LS, CEV_LS, CHZ_LS, DEN_LS, DUI_LS, EHB_LS, ELH_LS, ELK_LS, GEM_LS, GEMK_LS, GID_LS, GMI_LS, INS_LS, JEF_LS, JEO_LS, KIM_YD, KMM_LS, KOM_LS, MAD_LS, MEN_LS, MET_LS, PET_LS, ROS_LS, TEL_LS",30240
KIM 202E,Physical Chemistry,Physical (Face to face),Erdem Yavuz,Monday / Tuesday,13:30/16:59 / 13:30/16:59,FEB / FEB / D201 / D201,0,50,"BIO_LS, BIOE_LS, CEV_LS, CEVE_LS, CHZ_LS, CHZE_LS, DEN_LS, DENE_LS, DUI_LS, EHB_LS, EHBE_LS, ELE_LS, ELH_LS, ELK_LS, ELKE_LS, GEM_LS, GEME_LS, GEMK_LS, GID_LS, GMI_LS, INS_LS, INSE_LS, JEF_LS, JEO_LS, JEOE_LS, KIM_YD, KMM_LS, KOM_LS, KOME_LS, MAD_LS, MADE_LS, MEN_LS, MET_LS, METE_LS, PET_LS, PETE_LS, ROS_LS, ROSE_LS, TEL_LS",30241
KIM 224E,Inorganic Chemistry II,Physical (Face to face),Altuğ Mert Sevim,Wednesday / Thursday,08:30/11:59 / 14:00/17:29,FEB / FEB / D105 / D105,0,50,KIM_LS,30242
KIM 231,Organik Kimya I,Physical (Face to face),Cüneyt Hüseyin Ünlü,Tuesday / Wednesday,08:30/13:29 / 08:30/12:59,FEB / FEB / D205 / D205,0,50,KIM_LS,30243
MAD 446E,Computer Aided Mine Design,Physical (Face to face),Kürşat Hasözdemir,Wednesday / Thursday,13:30/16:29 / 08:30/12:29,MDB / MDB / -- / --,0,15,"MAD_LS, MAD_YD, MADE_LS",30342
MAK 201E,Engineering Mathematics,Physical (Face to face),Hakan Öksüzoğlu,Monday / Monday / Wednesday,10:00/12:29 / 13:30/16:59 / 14:00/17:29,MKB / MKB / MKB / D317 / D317 / D317,0,40,"IML_LS, MAK_LS",30414
MAK 205,Mukavemet I,Physical (Face to face),Hacı Abdullah Taşdemir,Tuesday / Thursday,13:30/17:29 / 14:30/17:29,MKB / MKB / A501 / A501,0,0,"MAK_LS, MKN_YD_MK",30423
MAK 205,Mukavemet I,Physical (Face to face),Adil Yücel,Tuesday / Tuesday,10:00/12:59 / 13:30/17:29,MKB / MKB / D318 / D318,0,40,"MAK_LS, MKN_YD_MK",30426
MAK 206,Mukavemet II,Physical (Face to face),Adil Yücel,Thursday / Thursday,10:00/12:59 / 13:30/17:29,MKB / MKB / D318 / D318,0,40,"MAK_LS, MKN_YD_MK",30428
MAK 210E,Engineering Mathematics,Physical (Face to face),Hakan Öksüzoğlu,Monday / Monday / Wednesday,10:00/12:29 / 13:30/16:59 / 14:00/17:29,MKB / MKB / MKB / D317 / D317 / D317,0,40,"IML_LS, MAK_LS",30415
MAK 213,Malzeme Bilimi,Physical (Face to face),Raşid Ahmed Yıldız,Tuesday / Wednesday / Wednesday,13:30/15:59 / 10:00/12:59 / 13:30/17:29,MKB / MKB / MKB / D355 / D355 / D355,0,40,"IML_LS, MAK_LS",30430
MAK 215,Termodinamik I,Physical (Face to face),-,-,-/-,- / -,0,40,-,30444
MAK 219,Mukavemet I,Physical (Face to face),Adil Yücel,Tuesday / Tuesday / Wednesday,10:00/12:59 / 13:30/17:29 / 10:00/12:29,MKB / MKB / MKB / D318 / D318 / D318,0,40,"MAK_LS, MKN_YD_MK",30427
MAK 220,Mukavemet II,Physical (Face to face),Adil Yücel,Wednesday / Thursday / Thursday,13:30/15:59 / 10:00/12:59 / 13:30/17:29,MKB / MKB / MKB / D318 / D318 / D318,0,40,"MAK_LS, MKN_YD_MK",30429
MAK 223,Malzeme Bilimi,Physical (Face to face),Raşid Ahmed Yıldız,Tuesday / Wednesday / Wednesday,13:30/15:59 / 10:00/12:59 / 13:30/17:29,MKB / MKB / MKB / D355 / D355 / D355,0,40,"IML_LS, MAK_LS",30431
MAK 228,Akışkanlar Mekaniği I,Physical (Face to face),"Sertaç Çadırcı , / Hasan Güneş",Tuesday / Thursday,09:00/12:59 / 14:00/16:59,MKB / MKB / A201 / A201,0,40,"MAK_LS, MAK_YD",30420
MAK 229,Akışkanlar Mekaniği II,Physical (Face to face),"Sertaç Çadırcı , / Hasan Güneş",Tuesday / Thursday,14:00/16:59 / 09:00/12:59,MKB / MKB / A201 / A201,0,40,MAK_LS,30421
MAK 234,Akışkanlar Mekaniği I,Physical (Face to face),"Sertaç Çadırcı , / Hasan Güneş",Tuesday / Thursday,09:00/12:59 / 14:00/16:59,MKB / MKB / A201 / A201,0,40,"MAK_LS, MAK_YD",30418
MAK 307,İmal Usulleri,Physical (Face to face),Ali Gökşenli,Tuesday / Tuesday / Wednesday,08:30/12:29 / 13:30/14:59 / 08:30/12:29,MKB / MKB / MKB / A363 / A363 / A363,0,40,"MAK_LS, MAK_YD",30416
MAK 309,Mekanik Titreşimler,Physical (Face to face),Akif Yavuz,Monday / Tuesday,13:30/17:29 / 10:30/13:29,MKB / MKB / D360 / D360,0,40,"MAK_LS, MAK_YD, MKN_YD_MK",30413
MAK 310,Makina Teorisi,Physical (Face to face),Akif Yavuz,Wednesday / Wednesday,09:30/13:29 / 14:30/17:29,MKB / MKB / D360 / D360,0,40,"MAK_LS, MKN_YD_MK",30425
MAK 315,Mekanik Titreşimler,Physical (Face to face),Akif Yavuz,Monday / Tuesday,10:30/13:29 / 13:30/17:29,MKB / MKB / D360 / D360,0,40,"MAK_LS, MAK_YD, MKN_YD_MK",30412
MAK 324,Makina Teorisi,Physical (Face to face),Akif Yavuz,Wednesday / Wednesday,09:30/13:29 / 14:30/17:29,MKB / MKB / D360 / D360,0,40,"MAK_LS, MKN_YD_MK",30424
MAK 335,Akışkanlar Mekaniği II,Physical (Face to face),"Sertaç Çadırcı , / Hasan Güneş",Tuesday / Thursday,14:00/16:59 / 09:00/12:59,MKB / MKB / A201 / A201,0,40,MAK_LS,30419
MAK 353,İmal Usulleri,Physical (Face to face),Ali Gökşenli,Tuesday / Tuesday / Wednesday,08:30/12:29 / 13:30/14:59 / 08:30/12:29,MKB / MKB / MKB / A363 / A363 / A363,0,40,"MAK_LS, MAK_YD",30417
MAT 103E,Mathematics I,Physical (Face to face),Burhaneddin İzgi,Monday / Tuesday / Wednesday,08:30/12:29 / 08:30/12:29 / 08:30/12:29,MED / MED / MED / A11 / A11 / A11,0,100,"ARC_LS, BIO_LS, BIOE_LS, BLG_LS, BLGE_LS, CEN_LS, CEV_LS, CEVE_LS, CHZ_LS, DEN_LS, DENE_LS, DUI_LS, DUIE_LS, ECNE_LS, EEE_LS, EFN_LS, EHB_LS, EHB_MTM_LS, EHBE_LS, ELK_LS, ELK_MTM_LS, ELKE_LS, END_LS, ENDE_LS, ENTE_LS, EUT_LS, EUTE_LS, FIZ_LS, GEM_LS, GEME_LS, GEMK_LS, GEO_LS, GEOE_LS, GID_LS, GIDE_LS, GMI_LS, GMIE_LS, HTA_LS, HTAE_LS, IAD_LS, IBM_LS, ICM_LS, IML_LS, IMLE_LS, IND_LS, INS_LS, INSE_LS, ISL_LS, ISLE_LS, JEF_LS, JEO_LS, KIM_LS, KIME_LS, KMM_LS, KMME_LS, KOM_LS, KOME_LS, MAD_LS, MAK_LS, MAKE_LS, MEN_LS, MET_LS, METE_LS, MIM_LS, MIME_LS, MMD_LS, MTM_LS, MTO_LS, NAE_LS, PEM_LS, PEME_LS, PETE_LS, ROS_LS, ROSE_LS, SBP_LS, SBPE_LS, SECE_LS, TEK_LS, TEKE_LS, UCK_LS, UZB_LS, UZBE_LS, VBAE_LS, YZVE_LS",30218
MAT 103E,Mathematics I,Physical (Face to face),Burhaneddin İzgi,Monday / Tuesday / Wednesday,13:00/16:59 / 13:00/16:59 / 13:00/16:59,MED / MED / MED / A11 / A11 / A11,0,100,"ARC_LS, BIO_LS, BIOE_LS, BLG_LS, BLGE_LS, CEN_LS, CEV_LS, CEVE_LS, CHZ_LS, DEN_LS, DENE_LS, DUI_LS, DUIE_LS, ECNE_LS, EEE_LS, EFN_LS, EHB_LS, EHB_MTM_LS, EHBE_LS, ELK_LS, ELK_MTM_LS, ELKE_LS, END_LS, ENDE_LS, ENTE_LS, EUT_LS, EUTE_LS, FIZ_LS, GEM_LS, GEME_LS, GEMK_LS, GEO_LS, GEOE_LS, GID_LS, GIDE_LS, GMI_LS, GMIE_LS, HTA_LS, HTAE_LS, IAD_LS, IBM_LS, ICM_LS, IML_LS, IMLE_LS, IND_LS, INS_LS, INSE_LS, ISL_LS, ISLE_LS, JEF_LS, JEO_LS, KIM_LS, KIME_LS, KMM_LS, KMME_LS, KOM_LS, KOME_LS, MAD_LS, MAK_LS, MAKE_LS, MEN_LS, MET_LS, METE_LS, MIM_LS, MIME_LS, MMD_LS, MTM_LS, MTO_LS, NAE_LS, PEM_LS, PEME_LS, PETE_LS, ROS_LS, ROSE_LS, SBP_LS, SBPE_LS, SECE_LS, TEK_LS, TEKE_LS, UCK_LS, UZB_LS, UZBE_LS, VBAE_LS, YZVE_LS",30219
MAT 103E,Mathematics I,Physical (Face to face),Nurhan Çolakoğlu,Monday / Tuesday / Wednesday,08:30/12:29 / 08:30/12:29 / 08:30/12:29,MED / MED / MED / A12 / A12 / A12,0,100,"ARC_LS, BIO_LS, BIOE_LS, BLG_LS, BLGE_LS, CEN_LS, CEV_LS, CEVE_LS, CHZ_LS, DEN_LS, DENE_LS, DUI_LS, DUIE_LS, ECNE_LS, EEE_LS, EFN_LS, EHB_LS, EHB_MTM_LS, EHBE_LS, ELK_LS, ELK_MTM_LS, ELKE_LS, END_LS, ENDE_LS, ENTE_LS, EUT_LS, EUTE_LS, FIZ_LS, GEM_LS, GEME_LS, GEMK_LS, GEO_LS, GEOE_LS, GID_LS, GIDE_LS, GMI_LS, GMIE_LS, HTA_LS, HTAE_LS, IAD_LS, IBM_LS, ICM_LS, IML_LS, IMLE_LS, IND_LS, INS_LS, INSE_LS, ISL_LS, ISLE_LS, JEF_LS, JEO_LS, KIM_LS, KIME_LS, KMM_LS, KMME_LS, KOM_LS, KOME_LS, MAD_LS, MAK_LS, MAKE_LS, MEN_LS, MET_LS, METE_LS, MIM_LS, MIME_LS, MMD_LS, MTM_LS, MTO_LS, NAE_LS, PEM_LS, PEME_LS, PETE_LS, ROS_LS, ROSE_LS, SBP_LS, SBPE_LS, SECE_LS, TEK_LS, TEKE_LS, UCK_LS, UZB_LS, UZBE_LS, VBAE_LS, YZVE_LS",30220
MAT 103E,Mathematics I,Physical (Face to face),Nurhan Çolakoğlu,Monday / Tuesday / Wednesday,13:30/17:29 / 13:30/17:29 / 13:30/17:29,MED / MED / MED / A12 / A12 / A12,0,100,"ARC_LS, BIO_LS, BIOE_LS, BLG_LS, BLGE_LS, CEN_LS, CEV_LS, CEVE_LS, CHZ_LS, DEN_LS, DENE_LS, DUI_LS, DUIE_LS, ECNE_LS, EEE_LS, EFN_LS, EHB_LS, EHB_MTM_LS, EHBE_LS, ELK_LS, ELK_MTM_LS, ELKE_LS, END_LS, ENDE_LS, ENTE_LS, EUT_LS, EUTE_LS, FIZ_LS, GEM_LS, GEME_LS, GEMK_LS, GEO_LS, GEOE_LS, GID_LS, GIDE_LS, GMI_LS, GMIE_LS, HTA_LS, HTAE_LS, IAD_LS, IBM_LS, ICM_LS, IML_LS, IMLE_LS, IND_LS, INS_LS, INSE_LS, ISL_LS, ISLE_LS, JEF_LS, JEO_LS, KIM_LS, KIME_LS, KMM_LS, KMME_LS, KOM_LS, KOME_LS, MAD_LS, MAK_LS, MAKE_LS, MEN_LS, MET_LS, METE_LS, MIM_LS, MIME_LS, MMD_LS, MTM_LS, MTO_LS, NAE_LS, PEM_LS, PEME_LS, PETE_LS, ROS_LS, ROSE_LS, SBP_LS, SBPE_LS, SECE_LS, TEK_LS, TEKE_LS, UCK_LS, UZB_LS, UZBE_LS, VBAE_LS, YZVE_LS",30221
MAT 103E,Mathematics I,Physical (Face to face),Çağatay Altuntaş,Monday / Tuesday / Wednesday,08:30/12:29 / 08:30/12:29 / 08:30/12:29,MED / MED / MED / A13 / A13 / A13,0,100,"ARC_LS, BIO_LS, BIOE_LS, BLG_LS, BLGE_LS, CEN_LS, CEV_LS, CEVE_LS, CHZ_LS, DEN_LS, DENE_LS, DUI_LS, DUIE_LS, ECNE_LS, EEE_LS, EFN_LS, EHB_LS, EHB_MTM_LS, EHBE_LS, ELK_LS, ELK_MTM_LS, ELKE_LS, END_LS, ENDE_LS, ENTE_LS, EUT_LS, EUTE_LS, FIZ_LS, GEM_LS, GEME_LS, GEMK_LS, GEO_LS, GEOE_LS, GID_LS, GIDE_LS, GMI_LS, GMIE_LS, HTA_LS, HTAE_LS, IAD_LS, IBM_LS, ICM_LS, IML_LS, IMLE_LS, IND_LS, INS_LS, INSE_LS, ISL_LS, ISLE_LS, JEF_LS, JEO_LS, KIM_LS, KIME_LS, KMM_LS, KMME_LS, KOM_LS, KOME_LS, MAD_LS, MAK_LS, MAKE_LS, MEN_LS, MET_LS, METE_LS, MIM_LS, MIME_LS, MMD_LS, MTM_LS, MTO_LS, NAE_LS, PEM_LS, PEME_LS, PETE_LS, ROS_LS, ROSE_LS, SBP_LS, SBPE_LS, SECE_LS, TEK_LS, TEKE_LS, UCK_LS, UZB_LS, UZBE_LS, VBAE_LS, YZVE_LS",30222
MAT 103E,Mathematics I,Physical (Face to face),Çağatay Altuntaş,Monday / Tuesday / Wednesday,13:30/17:29 / 13:30/17:29 / 13:30/17:29,MED / MED / MED / A13 / A13 / A13,0,100,"ARC_LS, BIO_LS, BIOE_LS, BLG_LS, BLGE_LS, CEN_LS, CEV_LS, CEVE_LS, CHZ_LS, DEN_LS, DENE_LS, DUI_LS, DUIE_LS, ECNE_LS, EEE_LS, EFN_LS, EHB_LS, EHB_MTM_LS, EHBE_LS, ELK_LS, ELK_MTM_LS, ELKE_LS, END_LS, ENDE_LS, ENTE_LS, EUT_LS, EUTE_LS, FIZ_LS, GEM_LS, GEME_LS, GEMK_LS, GEO_LS, GEOE_LS, GID_LS, GIDE_LS, GMI_LS, GMIE_LS, HTA_LS, HTAE_LS, IAD_LS, IBM_LS, ICM_LS, IML_LS, IMLE_LS, IND_LS, INS_LS, INSE_LS, ISL_LS, ISLE_LS, JEF_LS, JEO_LS, KIM_LS, KIME_LS, KMM_LS, KMME_LS, KOM_LS, KOME_LS, MAD_LS, MAK_LS, MAKE_LS, MEN_LS, MET_LS, METE_LS, MIM_LS, MIME_LS, MMD_LS, MTM_LS, MTO_LS, NAE_LS, PEM_LS, PEME_LS, PETE_LS, ROS_LS, ROSE_LS, SBP_LS, SBPE_LS, SECE_LS, TEK_LS, TEKE_LS, UCK_LS, UZB_LS, UZBE_LS, VBAE_LS, YZVE_LS",30223
MAT 104E,Mathematics II,Physical (Face to face),Füsun Zengin,Monday / Tuesday / Wednesday,08:30/12:29 / 08:30/12:29 / 08:30/12:29,MED / MED / MED / A14 / A14 / A14,0,100,"BIO_LS, BIOE_LS, BLG_LS, BLGE_LS, CEN_LS, CEV_LS, CEVE_LS, CHZ_LS, DEN_LS, DENE_LS, DUI_LS, DUIE_LS, ECNE_LS, EEE_LS, EFN_LS, EHB_LS, EHB_MTM_LS, EHBE_LS, ELK_LS, ELK_MTM_LS, ELKE_LS, END_LS, ENDE_LS, ENTE_LS, EUT_LS, EUTE_LS, FIZ_LS, GEM_LS, GEME_LS, GEMK_LS, GEO_LS, GEOE_LS, GID_LS, GIDE_LS, GMI_LS, GMIE_LS, HTA_LS, HTAE_LS, IBM_LS, ICM_LS, IML_LS, IMLE_LS, IND_LS, INS_LS, INSE_LS, ISL_LS, ISLE_LS, JEF_LS, JEO_LS, KIM_LS, KIME_LS, KMM_LS, KMME_LS, KOM_LS, KOME_LS, MAD_LS, MAK_LS, MAKE_LS, MEN_LS, MET_LS, METE_LS, MIM_LS, MIME_LS, MMD_LS, MTM_LS, MTO_LS, NAE_LS, PEM_LS, PEME_LS, PETE_LS, ROS_LS, ROSE_LS, SBP_LS, SBPE_LS, SECE_LS, TEK_LS, TEKE_LS, UCK_LS, UZB_LS, UZBE_LS, VBAE_LS, YZVE_LS",30224
MAT 104E,Mathematics II,Physical (Face to face),Füsun Zengin,Monday / Tuesday / Wednesday,13:30/17:29 / 13:30/17:29 / 13:30/17:29,MED / MED / MED / A14 / A14 / A14,0,100,"BIO_LS, BIOE_LS, BLG_LS, BLGE_LS, CEN_LS, CEV_LS, CEVE_LS, CHZ_LS, DEN_LS, DENE_LS, DUI_LS, DUIE_LS, ECNE_LS, EEE_LS, EFN_LS, EHB_LS, EHB_MTM_LS, EHBE_LS, ELK_LS, ELK_MTM_LS, ELKE_LS, END_LS, ENDE_LS, ENTE_LS, EUT_LS, EUTE_LS, FIZ_LS, GEM_LS, GEME_LS, GEMK_LS, GEO_LS, GEOE_LS, GID_LS, GIDE_LS, GMI_LS, GMIE_LS, HTA_LS, HTAE_LS, IBM_LS, ICM_LS, IML_LS, IMLE_LS, IND_LS, INS_LS, INSE_LS, ISL_LS, ISLE_LS, JEF_LS, JEO_LS, KIM_LS, KIME_LS, KMM_LS, KMME_LS, KOM_LS, KOME_LS, MAD_LS, MAK_LS, MAKE_LS, MEN_LS, MET_LS, METE_LS, MIM_LS, MIME_LS, MMD_LS, MTM_LS, MTO_LS, NAE_LS, PEM_LS, PEME_LS, PETE_LS, ROS_LS, ROSE_LS, SBP_LS, SBPE_LS, SECE_LS, TEK_LS, TEKE_LS, UCK_LS, UZB_LS, UZBE_LS, VBAE_LS, YZVE_LS",30225
MAT 104E,Mathematics II,Physical (Face to face),Sezgin Altay Demirbağ,Monday / Tuesday / Wednesday,08:30/12:29 / 08:30/12:29 / 08:30/12:29,MED / MED / MED / A15 / A15 / A15,0,100,"BIO_LS, BIOE_LS, BLG_LS, BLGE_LS, CEN_LS, CEV_LS, CEVE_LS, CHZ_LS, DEN_LS, DENE_LS, DUI_LS, DUIE_LS, ECNE_LS, EEE_LS, EFN_LS, EHB_LS, EHB_MTM_LS, EHBE_LS, ELK_LS, ELK_MTM_LS, ELKE_LS, END_LS, ENDE_LS, ENTE_LS, EUT_LS, EUTE_LS, FIZ_LS, GEM_LS, GEME_LS, GEMK_LS, GEO_LS, GEOE_LS, GID_LS, GIDE_LS, GMI_LS, GMIE_LS, HTA_LS, HTAE_LS, IBM_LS, ICM_LS, IML_LS, IMLE_LS, IND_LS, INS_LS, INSE_LS, ISL_LS, ISLE_LS, JEF_LS, JEO_LS, KIM_LS, KIME_LS, KMM_LS, KMME_LS, KOM_LS, KOME_LS, MAD_LS, MAK_LS, MAKE_LS, MEN_LS, MET_LS, METE_LS, MIM_LS, MIME_LS, MMD_LS, MTM_LS, MTO_LS, NAE_LS, PEM_LS, PEME_LS, PETE_LS, ROS_LS, ROSE_LS, SBP_LS, SBPE_LS, SECE_LS, TEK_LS, TEKE_LS, UCK_LS, UZB_LS, UZBE_LS, VBAE_LS, YZVE_LS",30226
MAT 104E,Mathematics II,Physical (Face to face),Sezgin Altay Demirbağ,Monday / Tuesday / Wednesday,13:30/17:29 / 13:30/17:29 / 13:30/17:29,MED / MED / MED / A15 / A15 / A15,0,100,"BIO_LS, BIOE_LS, BLG_LS, BLGE_LS, CEN_LS, CEV_LS, CEVE_LS, CHZ_LS, DEN_LS, DENE_LS, DUI_LS, DUIE_LS, ECNE_LS, EEE_LS, EFN_LS, EHB_LS, EHB_MTM_LS, EHBE_LS, ELK_LS, ELK_MTM_LS, ELKE_LS, END_LS, ENDE_LS, ENTE_LS, EUT_LS, EUTE_LS, FIZ_LS, GEM_LS, GEME_LS, GEMK_LS, GEO_LS, GEOE_LS, GID_LS, GIDE_LS, GMI_LS, GMIE_LS, HTA_LS, HTAE_LS, IBM_LS, ICM_LS, IML_LS, IMLE_LS, IND_LS, INS_LS, INSE_LS, ISL_LS, ISLE_LS, JEF_LS, JEO_LS, KIM_LS, KIME_LS, KMM_LS, KMME_LS, KOM_LS, KOME_LS, MAD_LS, MAK_LS, MAKE_LS, MEN_LS, MET_LS, METE_LS, MIM_LS, MIME_LS, MMD_LS, MTM_LS, MTO_LS, NAE_LS, PEM_LS, PEME_LS, PETE_LS, ROS_LS, ROSE_LS, SBP_LS, SBPE_LS, SECE_LS, TEK_LS, TEKE_LS, UCK_LS, UZB_LS, UZBE_LS, VBAE_LS, YZVE_LS",30227
MAT 104E,Mathematics II,Physical (Face to face),Mevlüt Tekkoyun,Monday / Tuesday / Wednesday,08:30/12:29 / 08:30/12:29 / 08:30/12:29,MED / MED / MED / A16 / A16 / A16,0,100,"BIO_LS, BIOE_LS, BLG_LS, BLGE_LS, CEN_LS, CEV_LS, CEVE_LS, CHZ_LS, DEN_LS, DENE_LS, DUI_LS, DUIE_LS, ECNE_LS, EEE_LS, EFN_LS, EHB_LS, EHB_MTM_LS, EHBE_LS, ELK_LS, ELK_MTM_LS, ELKE_LS, END_LS, ENDE_LS, ENTE_LS, EUT_LS, EUTE_LS, FIZ_LS, GEM_LS, GEME_LS, GEMK_LS, GEO_LS, GEOE_LS, GID_LS, GIDE_LS, GMI_LS, GMIE_LS, HTA_LS, HTAE_LS, IBM_LS, ICM_LS, IML_LS, IMLE_LS, IND_LS, INS_LS, INSE_LS, ISL_LS, ISLE_LS, JEF_LS, JEO_LS, KIM_LS, KIME_LS, KMM_LS, KMME_LS, KOM_LS, KOME_LS, MAD_LS, MAK_LS, MAKE_LS, MEN_LS, MET_LS, METE_LS, MIM_LS, MIME_LS, MMD_LS, MTM_LS, MTO_LS, NAE_LS, PEM_LS, PEME_LS, PETE_LS, ROS_LS, ROSE_LS, SBP_LS, SBPE_LS, SECE_LS, TEK_LS, TEKE_LS, UCK_LS, UZB_LS, UZBE_LS, VBAE_LS, YZVE_LS",30228
MAT 104E,Mathematics II,Physical (Face to face),Mevlüt Tekkoyun,Monday / Tuesday / Wednesday,13:30/17:29 / 13:30/17:29 / 13:30/17:29,MED / MED / MED / A16 / A16 / A16,0,100,"BIO_LS, BIOE_LS, BLG_LS, BLGE_LS, CEN_LS, CEV_LS, CEVE_LS, CHZ_LS, DEN_LS, DENE_LS, DUI_LS, DUIE_LS, ECNE_LS, EEE_LS, EFN_LS, EHB_LS, EHB_MTM_LS, EHBE_LS, ELK_LS, ELK_MTM_LS, ELKE_LS, END_LS, ENDE_LS, ENTE_LS, EUT_LS, EUTE_LS, FIZ_LS, GEM_LS, GEME_LS, GEMK_LS, GEO_LS, GEOE_LS, GID_LS, GIDE_LS, GMI_LS, GMIE_LS, HTA_LS, HTAE_LS, IBM_LS, ICM_LS, IML_LS, IMLE_LS, IND_LS, INS_LS, INSE_LS, ISL_LS, ISLE_LS, JEF_LS, JEO_LS, KIM_LS, KIME_LS, KMM_LS, KMME_LS, KOM_LS, KOME_LS, MAD_LS, MAK_LS, MAKE_LS, MEN_LS, MET_LS, METE_LS, MIM_LS, MIME_LS, MMD_LS, MTM_LS, MTO_LS, NAE_LS, PEM_LS, PEME_LS, PETE_LS, ROS_LS, ROSE_LS, SBP_LS, SBPE_LS, SECE_LS, TEK_LS, TEKE_LS, UCK_LS, UZB_LS, UZBE_LS, VBAE_LS, YZVE_LS",30229
MAT 202,Sayısal Yöntemler,Physical (Face to face),Birgül Benli,Thursday / Thursday,08:30/11:59 / 14:00/17:29,MDB / MDB / -- / --,0,50,"CHZ_LS, CHZ_YD, MAD_LS",30306
MAT 210E,Engineering Mathematics,Physical (Face to face),Kürşat Hasözdemir,Tuesday / Tuesday / Wednesday,09:30/12:29 / 13:30/15:59 / 08:30/12:29,MDB / MDB / MDB / -- / -- / --,0,60,"CHZ_LS, JEF_LS, JEFE_LS, JEO_LS, JEOE_LS, MAD_LS, MADE_LS, PETE_LS",30341
MAT 210E,Engineering Mathematics,Physical (Face to face),-,Tuesday / Wednesday,13:30/15:59 / 08:30/12:29,DZB / DZB / -- / --,0,0,"DUI_LS, GMI_LS, MEN_LS, MTM_LS",30434
MAT 232,Diferansiyel Denklemler,Physical (Face to face),Kamil Oruçoğlu,Monday / Tuesday / Wednesday,09:00/11:59 / 09:00/11:59 / 09:00/12:29,FEB / FEB / FEB / D202 / D202 / D202,0,50,"MAT_LS, MAT_YD",30230
MAT 234,Kısmi Diferansiyel Denklemler,Physical (Face to face),Kamil Oruçoğlu,Monday / Tuesday,13:30/16:59 / 13:30/16:59,FEB / FEB / D202 / D202,0,50,"MAT_LS, MAT_YD",30231
MAT 271E,Probability and Statistics,Physical (Face to face),Mustafa Sait Yazgan,Monday / Tuesday,09:30/12:29 / 13:30/17:29,INB / INB / B101 / B101,0,50,"BIO_LS, BIOE_LS, BLG_LS, BLGE_LS, CEN_LS, CEV_LS, CEVE_LS, CHZ_LS, DEN_LS, DENE_LS, DUI_LS, DUIE_LS, ECNE_LS, EHB_LS, EHB_MTM_LS, EHBE_LS, ELK_LS, ELK_MTM_LS, ELKE_LS, ENTE_LS, EUT_LS, EUTE_LS, FIZ_LS, GEM_LS, GEME_LS, GEMK_LS, GEO_LS, GEOE_LS, GID_LS, GIDE_LS, GMI_LS, GMIE_LS, HTA_LS, HTAE_LS, IBM_LS, ICM_LS, IML_LS, IMLE_LS, INS_LS, INSE_LS, ISL_LS, ISLE_LS, JEF_LS, JEO_LS, KIM_LS, KIME_LS, KMM_LS, KMME_LS, KOM_LS, KOME_LS, MAD_LS, MAK_LS, MAKE_LS, MEN_LS, MET_LS, METE_LS, MIM_LS, MIME_LS, MMD_LS, MTM_LS, MTO_LS, NAE_LS, PEM_LS, PEME_LS, PETE_LS, ROS_LS, ROSE_LS, SBP_LS, SBPE_LS, SECE_LS, TEK_LS, TEKE_LS, UCK_LS, UZB_LS, UZBE_LS, VBAE_LS, YZVE_LS",30154
MAT 271E,Probability and Statistics,Physical (Face to face),Mustafa Sait Yazgan,Monday / Wednesday,13:30/17:29 / 09:30/12:29,INB / INB / B101 / B101,0,50,"BIO_LS, BIOE_LS, BLG_LS, BLGE_LS, CEN_LS, CEV_LS, CEVE_LS, CHZ_LS, DEN_LS, DENE_LS, DUI_LS, DUIE_LS, ECNE_LS, EHB_LS, EHB_MTM_LS, EHBE_LS, ELK_LS, ELK_MTM_LS, ELKE_LS, ENTE_LS, EUT_LS, EUTE_LS, FIZ_LS, GEM_LS, GEME_LS, GEMK_LS, GEO_LS, GEOE_LS, GID_LS, GIDE_LS, GMI_LS, GMIE_LS, HTA_LS, HTAE_LS, IBM_LS, ICM_LS, IML_LS, IMLE_LS, INS_LS, INSE_LS, ISL_LS, ISLE_LS, JEF_LS, JEO_LS, KIM_LS, KIME_LS, KMM_LS, KMME_LS, KOM_LS, KOME_LS, MAD_LS, MAK_LS, MAKE_LS, MEN_LS, MET_LS, METE_LS, MIM_LS, MIME_LS, MMD_LS, MTM_LS, MTO_LS, NAE_LS, PEM_LS, PEME_LS, PETE_LS, ROS_LS, ROSE_LS, SBP_LS, SBPE_LS, SECE_LS, TEK_LS, TEKE_LS, UCK_LS, UZB_LS, UZBE_LS, VBAE_LS, YZVE_LS",30155
MAT 271E,Probability and Statistics,Physical (Face to face),Mustafa Sait Yazgan,Tuesday / Wednesday,09:30/12:29 / 13:30/17:29,INB / INB / B101 / B101,0,50,"BIO_LS, BIOE_LS, BLG_LS, BLGE_LS, CEN_LS, CEV_LS, CEVE_LS, CHZ_LS, DEN_LS, DENE_LS, DUI_LS, DUIE_LS, ECNE_LS, EHB_LS, EHB_MTM_LS, EHBE_LS, ELK_LS, ELK_MTM_LS, ELKE_LS, ENTE_LS, EUT_LS, EUTE_LS, FIZ_LS, GEM_LS, GEME_LS, GEMK_LS, GEO_LS, GEOE_LS, GID_LS, GIDE_LS, GMI_LS, GMIE_LS, HTA_LS, HTAE_LS, IBM_LS, ICM_LS, IML_LS, IMLE_LS, INS_LS, INSE_LS, ISL_LS, ISLE_LS, JEF_LS, JEO_LS, KIM_LS, KIME_LS, KMM_LS, KMME_LS, KOM_LS, KOME_LS, MAD_LS, MAK_LS, MAKE_LS, MEN_LS, MET_LS, METE_LS, MIM_LS, MIME_LS, MMD_LS, MTM_LS, MTO_LS, NAE_LS, PEM_LS, PEME_LS, PETE_LS, ROS_LS, ROSE_LS, SBP_LS, SBPE_LS, SECE_LS, TEK_LS, TEKE_LS, UCK_LS, UZB_LS, UZBE_LS, VBAE_LS, YZVE_LS",30156
MAT 271E,Probability and Statistics,Physical (Face to face),Halil Bayraktar,Monday / Monday,08:30/11:29 / 12:30/16:29,FEB / FEB / D101 / D101,0,25,"BIO_LS, BIOE_LS, BLG_LS, BLGE_LS, CEN_LS, CEV_LS, CEVE_LS, CHZ_LS, CHZE_LS, DEN_LS, DENE_LS, DUI_LS, DUIE_LS, EHB_LS, EHBE_LS, ELE_LS, ELH_LS, ELK_LS, ELKE_LS, FIZ_LS, FIZE_LS, GEM_LS, GEME_LS, GMI_LS, GMIE_LS, HTA_LS, HTAE_LS, IBM_LS, ICM_LS, IML_LS, IMLE_LS, INS_LS, INSE_LS, ISL_LS, ISLE_LS, JEF_LS, JEFE_LS, JEO_LS, JEOE_LS, KIM_LS, KIME_LS, KMM_LS, KMME_LS, KOM_LS, KOME_LS, KON_LS, MAD_LS, MADE_LS, MAK_LS, MAKE_LS, MET_LS, METE_LS, MIM_LS, MIME_LS, MSS_LS, MTO_LS, MTOE_LS, PEM_LS, PEME_LS, PET_LS, PETE_LS, ROS_LS, ROSE_LS, SECE_LS, TEK_LS, TEKE_LS, UCK_LS, UZB_LS, UZBE_LS, YZVE_LS",30217
MAT 271E,Probability and Statistics,Physical (Face to face),Halil Bayraktar,Tuesday / Tuesday,08:30/11:29 / 12:30/16:29,FEB / FEB / D104 / D104,0,25,"BIO_LS, BIOE_LS, BLG_LS, BLGE_LS, CEN_LS, CEV_LS, CEVE_LS, CHZ_LS, CHZE_LS, DEN_LS, DENE_LS, DUI_LS, DUIE_LS, EHB_LS, EHBE_LS, ELE_LS, ELH_LS, ELK_LS, ELKE_LS, FIZ_LS, FIZE_LS, GEM_LS, GEME_LS, GMI_LS, GMIE_LS, HTA_LS, HTAE_LS, IBM_LS, ICM_LS, IML_LS, IMLE_LS, INS_LS, INSE_LS, ISL_LS, ISLE_LS, JEF_LS, JEFE_LS, JEO_LS, JEOE_LS, KIM_LS, KIME_LS, KMM_LS, KMME_LS, KOM_LS, KOME_LS, KON_LS, MAD_LS, MADE_LS, MAK_LS, MAKE_LS, MET_LS, METE_LS, MIM_LS, MIME_LS, MSS_LS, MTO_LS, MTOE_LS, PEM_LS, PEME_LS, PET_LS, PETE_LS, ROS_LS, ROSE_LS, SECE_LS, TEK_LS, TEKE_LS, UCK_LS, UZB_LS, UZBE_LS, YZVE_LS",30307
MEK 205E,Engineering Mechanics,Physical (Face to face),Hacı Abdullah Taşdemir,Tuesday / Thursday,09:30/12:29 / 09:30/13:29,MKB / MKB / A501 / A501,0,40,"CHZE_LS, END_LS, ENDE_LS, GID_LS, GMI_LS, GMIE_LS, IML_LS, IND_LS, ISL_LS, ISLE_LS, JEF_LS, JEFE_LS, JEO_LS, JEOE_LS, MAD_LS, MADE_LS, MEN_LS, PET_LS, PETE_LS",30422
MIM 346,"Bina, İklim, Enerji İlişkileri",Physical (Face to face),Gülten Manioğlu,Wednesday / Wednesday,09:00/12:29 / 13:30/16:59,MMB / MMB / 136B / 136B,0,12,MIM_LS,30255
MTO 102,Bilgisayarlı Teknik Resim,Physical (Face to face),Hüsnü Barbaros Soyer,Friday / Friday,08:30/12:29 / 14:30/17:29,MEDC / MEDC / 1D10 / 1D10,0,40,"IBM_LS, IBM_YD, MTO_LS, MTO_YD",30345
MTO 214,Atmosfer Termodinamiği,Physical (Face to face),Kasım Koçak,Monday / Tuesday,12:30/17:29 / 12:30/16:59,MEDC / MEDC / 2D12 / 2D12,0,30,"IBM_LS, MTO_LS",30270
MTO 301,Meteo.Uzaktan Algılamanın Tem.,Physical (Face to face),Ahmet Öztopal,Tuesday / Tuesday,13:30/16:29 / 09:30/11:29,MEDC / MEDC / 2D13 / 2D13,0,20,"IBM_LS, MTO_LS",30276
MTO 311E,Data Analysis,Physical (Face to face),Kasım Koçak,Monday / Wednesday / Thursday / Thursday,08:30/11:29 / 08:30/11:29 / 08:30/12:29 / 13:30/15:29,MEDC / MEDC / MEDC / MEDC / 2D12 / 2D12 / 2D12 / 2D12,0,30,"IBM_LS, MTO_LS",30271
MTO 340,Atmosfer Dinamiği II,Physical (Face to face),Elçin Tan,Tuesday / Wednesday,13:00/17:29 / 12:30/17:29,MEDC / MEDC / 2D11 / 2D11,0,30,"IBM_LS, IBM_YD, MTO_LS, MTO_YD",30272
MUK 203,Mukavemet I,Physical (Face to face),Oktay Eren Türeyen,Wednesday / Wednesday,09:30/12:29 / 13:30/17:29,MEDC / MEDC / 2D18 / 2D18,0,100,"DEN_LS, GEM_LS, INS_LS",30324
MUK 204,Mukavemet II,Physical (Face to face),Oktay Eren Türeyen,Thursday / Thursday,09:30/12:29 / 13:30/17:29,MEDC / MEDC / 2D18 / 2D18,0,100,"DEN_LS, GEM_LS, INS_LS",30325
MUK 211,Mukavemet,Physical (Face to face),Tahir Soyugüzel,Monday / Tuesday,08:30/16:59 / 08:30/09:29,MEDC / MEDC / ZA2 / ZA2,0,30,UCK_LS,30279
MUK 211E,Strength of Materials,Physical (Face to face),Tahir Soyugüzel,Tuesday / Thursday,12:30/13:29 / 08:30/16:59,MEDC / MEDC / ZA2 / ZA2,0,30,"UCK_LS, UZB_LS, UZBE_LS",30280
MUZ 302,Müzik Tarihi VI,Physical (Face to face),"Gözde Çolakoğlu Sarı , / Serhan Dilhan Yavuz",Tuesday / Wednesday / Thursday,13:30/16:29 / 13:30/15:29 / 10:30/12:29,TMB / TMB / TMB / -- / -- / --,0,5,MUZ_LS,30289
MUZ 458,İleri Osmanlıca IV,Physical (Face to face),"Gözde Çolakoğlu Sarı , / Serhan Dilhan Yavuz",Tuesday / Wednesday,10:30/12:29 / 09:30/12:29,TMB / TMB / -- / --,0,5,MUZ_LS,30288
MYZ 312,Meteorolojide Makine Öğrenmesi,Physical (Face to face),Ahmet Öztopal,Friday / Friday,08:30/12:29 / 14:30/17:29,MEDC / MEDC / 2D13 / 2D13,0,20,"IBM_LS, MTO_LS",30275
SGI 201,Statics,Physical (Face to face),Mustafa Erden Yıldızdağ,Monday / Thursday / Friday,13:30/14:29 / 14:30/17:29 / 14:00/16:59,MEDC / MEDC / MEDC / 2D11 / 2D11 / 2D11,0,30,SGI_LS,30400
SGI 216,Heat Transfer In Engineering,Physical (Face to face),Selma Ergin,Monday / Thursday,08:30/12:29 / 09:00/11:59,MEDC / MEDC / 2D14 / 2D14,0,10,SGI_LS,30407
SNT 102,Fotoğraf,Physical (Face to face),Hulki Korkut İlhan,Thursday / Thursday,09:00/12:59 / 14:00/16:59,MMB / MMB / FOTOATOLYE / FOTOATOLYE,0,20,"BIO_LS, BLG_LS, CEV_LS, CHZ_LS, DEN_LS, DUI_LS, EHB_LS, ELE_LS, ELH_LS, ELK_LS, END_LS, ENT_LS, EUT_LS, FIZ_LS, GEM_LS, GEO_LS, GID_LS, GMI_LS, HTA_LS, IBM_LS, ICM_LS, IML_LS, INS_LS, ISL_LS, JEF_LS, JEO_LS, KIM_LS, KMM_LS, KOM_LS, KON_LS, MAD_LS, MAK_LS, MAT_LS, MET_LS, MIM_LS, MTO_LS, PEM_LS, PET_LS, ROS_LS, SAO_OL, SBP_LS, TEK_LS, TEL_LS, UCK_LS, UZB_LS",30354
SNT 102,Fotoğraf,Physical (Face to face),Hulki Korkut İlhan,Friday / Friday,09:00/12:59 / 14:00/16:59,MMB / MMB / FOTOATOLYE / FOTOATOLYE,0,20,"BIO_LS, BLG_LS, CEV_LS, CHZ_LS, DEN_LS, DUI_LS, EHB_LS, ELE_LS, ELH_LS, ELK_LS, END_LS, ENT_LS, EUT_LS, FIZ_LS, GEM_LS, GEO_LS, GID_LS, GMI_LS, HTA_LS, IBM_LS, ICM_LS, IML_LS, INS_LS, ISL_LS, JEF_LS, JEO_LS, KIM_LS, KMM_LS, KOM_LS, KON_LS, MAD_LS, MAK_LS, MAT_LS, MET_LS, MIM_LS, MTO_LS, PEM_LS, PET_LS, ROS_LS, SAO_OL, SBP_LS, TEK_LS, TEL_LS, UCK_LS, UZB_LS",30355
SNT 103,Desen,Physical (Face to face),Ceylan Pınar Genç,Wednesday / Wednesday,09:00/12:59 / 14:00/16:59,MMB / MMB / -- / --,0,20,"BIO_LS, BLG_LS, CEV_LS, CHZ_LS, DEN_LS, DUI_LS, EHB_LS, ELE_LS, ELH_LS, ELK_LS, END_LS, ENT_LS, EUT_LS, FIZ_LS, GEM_LS, GEO_LS, GID_LS, GMI_LS, HTA_LS, IBM_LS, ICM_LS, IML_LS, INS_LS, ISL_LS, JEF_LS, JEO_LS, KIM_LS, KMM_LS, KOM_LS, KON_LS, MAD_LS, MAK_LS, MAT_LS, MET_LS, MIM_LS, MTO_LS, PEM_LS, PET_LS, ROS_LS, SAO_OL, SBP_LS, TEK_LS, TEL_LS, UCK_LS, UZB_LS",30349
SNT 103,Desen,Physical (Face to face),Ceylan Pınar Genç,Friday / Friday,09:00/12:59 / 14:00/16:59,MMB / MMB / -- / --,0,20,"BIO_LS, BLG_LS, CEV_LS, CHZ_LS, DEN_LS, DUI_LS, EHB_LS, ELE_LS, ELH_LS, ELK_LS, END_LS, ENT_LS, EUT_LS, FIZ_LS, GEM_LS, GEO_LS, GID_LS, GMI_LS, HTA_LS, IBM_LS, ICM_LS, IML_LS, INS_LS, ISL_LS, JEF_LS, JEO_LS, KIM_LS, KMM_LS, KOM_LS, KON_LS, MAD_LS, MAK_LS, MAT_LS, MET_LS, MIM_LS, MTO_LS, PEM_LS, PET_LS, ROS_LS, SAO_OL, SBP_LS, TEK_LS, TEL_LS, UCK_LS, UZB_LS",30350
SNT 103,Desen,Physical (Face to face),Mehmet Güler,Thursday / Thursday,09:00/12:59 / 14:00/16:59,MMB / MMB / 227B / 227B,0,20,"BIO_LS, BLG_LS, CEV_LS, CHZ_LS, DEN_LS, DUI_LS, EHB_LS, ELE_LS, ELH_LS, ELK_LS, END_LS, ENT_LS, EUT_LS, FIZ_LS, GEM_LS, GEO_LS, GID_LS, GMI_LS, HTA_LS, IBM_LS, ICM_LS, IML_LS, INS_LS, ISL_LS, JEF_LS, JEO_LS, KIM_LS, KMM_LS, KOM_LS, KON_LS, MAD_LS, MAK_LS, MAT_LS, MET_LS, MIM_LS, MTO_LS, PEM_LS, PET_LS, ROS_LS, SAO_OL, SBP_LS, TEK_LS, TEL_LS, UCK_LS, UZB_LS",30357
SNT 103,Desen,Physical (Face to face),Mehmet Güler,Friday / Friday,09:00/12:59 / 14:00/16:59,MMB / MMB / 227B / 227B,0,20,"BIO_LS, BLG_LS, CEV_LS, CHZ_LS, DEN_LS, DUI_LS, EHB_LS, ELE_LS, ELH_LS, ELK_LS, END_LS, ENT_LS, EUT_LS, FIZ_LS, GEM_LS, GEO_LS, GID_LS, GMI_LS, HTA_LS, IBM_LS, ICM_LS, IML_LS, INS_LS, ISL_LS, JEF_LS, JEO_LS, KIM_LS, KMM_LS, KOM_LS, KON_LS, MAD_LS, MAK_LS, MAT_LS, MET_LS, MIM_LS, MTO_LS, PEM_LS, PET_LS, ROS_LS, SAO_OL, SBP_LS, TEK_LS, TEL_LS, UCK_LS, UZB_LS",30358
SNT 103E,Drawing,Physical (Face to face),Oğuz Haşlakoğlu,Wednesday / Wednesday,09:00/12:59 / 14:00/16:59,MMB / MMB / 227B / 227B,0,20,"ARC_LS, BIO_LS, BIOE_LS, BLG_LS, BLGE_LS, CEN_LS, CEV_LS, CEVE_LS, CHZ_LS, CHZE_LS, DEN_LS, DENE_LS, DUI_LS, DUIE_LS, ECNE_LS, EEE_LS, EFN_LS, EHB_LS, EHBE_LS, EHS_LS, ELE_LS, ELH_LS, ELK_LS, ELKE_LS, END_LS, ENDE_LS, ENT_LS, ENTE_LS, EUT_LS, EUTE_LS, FIZ_LS, FIZE_LS, GEM_LS, GEME_LS, GEMK_LS, GEO_LS, GEOE_LS, GID_LS, GIDE_LS, GMI_LS, HTA_LS, HTAE_LS, IAD_LS, IBM_LS, ICM_LS, IEBE_LS, IML_LS, IMLE_LS, IND_LS, INS_LS, INSE_LS, ISL_LS, ISLE_LS, JEF_LS, JEFE_LS, JEO_LS, JEOE_LS, KIM_LS, KIME_LS, KMM_LS, KMME_LS, KOM_LS, KOME_LS, KON_LS, MAD_LS, MADE_LS, MAK_LS, MAKE_LS, MAT_LS, MATE_LS, MEN_LS, MET_LS, METE_LS, MIM_LS, MIME_LS, MMD_LS, MSS_LS, MTM_LS, MTO_LS, MTOE_LS, NAE_LS, PEM_LS, PEME_LS, PET_LS, PETE_LS, ROS_LS, ROSE_LS, SAO_OL, SBP_LS, SBPE_LS, SECE_LS, TEK_LS, TEKE_LS, TEL_LS, UCK_LS, UZB_LS, UZBE_LS, VBAE_LS, YZVE_LS",30359
SNT 104,Mitoloji ve Sanat,Physical (Face to face),Yasemin Dora,Tuesday / Tuesday,09:00/12:59 / 14:00/16:59,MED / MED / B32 / B32,0,20,"BIO_LS, BLG_LS, CEV_LS, CHZ_LS, DEN_LS, DUI_LS, EHB_LS, ELE_LS, ELH_LS, ELK_LS, END_LS, ENT_LS, EUT_LS, FIZ_LS, GEM_LS, GEO_LS, GID_LS, GMI_LS, HTA_LS, IBM_LS, ICM_LS, IML_LS, INS_LS, ISL_LS, JEF_LS, JEO_LS, KIM_LS, KMM_LS, KOM_LS, KON_LS, MAD_LS, MAK_LS, MAT_LS, MET_LS, MIM_LS, MTO_LS, PEM_LS, PET_LS, ROS_LS, SAO_OL, SBP_LS, TEK_LS, TEL_LS, UCK_LS, UZB_LS",30363
SNT 105,Sinema Sanatı,Physical (Face to face),Özden İnal,Wednesday / Wednesday,09:00/12:59 / 14:00/16:59,MMB / MMB / -- / --,0,20,"BIO_LS, BLG_LS, CEV_LS, CHZ_LS, DEN_LS, DUI_LS, EHB_LS, ELE_LS, ELH_LS, ELK_LS, END_LS, ENT_LS, EUT_LS, FIZ_LS, GEM_LS, GEO_LS, GID_LS, GMI_LS, HTA_LS, IBM_LS, ICM_LS, IML_LS, INS_LS, ISL_LS, JEF_LS, JEO_LS, KIM_LS, KMM_LS, KOM_LS, KON_LS, MAD_LS, MAK_LS, MAT_LS, MET_LS, MIM_LS, MTO_LS, PEM_LS, PET_LS, ROS_LS, SAO_OL, SBP_LS, TEK_LS, TEL_LS, UCK_LS, UZB_LS",30360
SNT 105,Sinema Sanatı,Physical (Face to face),Özden İnal,Thursday / Thursday,09:00/12:59 / 14:00/16:59,MMB / MMB / -- / --,0,20,"BIO_LS, BLG_LS, CEV_LS, CHZ_LS, DEN_LS, DUI_LS, EHB_LS, ELE_LS, ELH_LS, ELK_LS, END_LS, ENT_LS, EUT_LS, FIZ_LS, GEM_LS, GEO_LS, GID_LS, GMI_LS, HTA_LS, IBM_LS, ICM_LS, IML_LS, INS_LS, ISL_LS, JEF_LS, JEO_LS, KIM_LS, KMM_LS, KOM_LS, KON_LS, MAD_LS, MAK_LS, MAT_LS, MET_LS, MIM_LS, MTO_LS, PEM_LS, PET_LS, ROS_LS, SAO_OL, SBP_LS, TEK_LS, TEL_LS, UCK_LS, UZB_LS",30361
SNT 105E,Film Art,Physical (Face to face),Kağan Demirdöven,Thursday / Thursday,09:00/12:59 / 14:00/16:59,MDB / MDB / A201 / A201,0,40,"ARC_LS, BIO_LS, BIOE_LS, BLG_LS, BLGE_LS, CEN_LS, CEV_LS, CEVE_LS, CHZ_LS, CHZE_LS, DEN_LS, DENE_LS, DUI_LS, DUIE_LS, ECNE_LS, EEE_LS, EFN_LS, EHB_LS, EHBE_LS, EHS_LS, ELE_LS, ELH_LS, ELK_LS, ELKE_LS, END_LS, ENDE_LS, ENT_LS, ENTE_LS, EUT_LS, EUTE_LS, FIZ_LS, FIZE_LS, GEM_LS, GEME_LS, GEMK_LS, GEO_LS, GEOE_LS, GID_LS, GIDE_LS, GMI_LS, HTA_LS, HTAE_LS, IAD_LS, IBM_LS, ICM_LS, IEBE_LS, IML_LS, IMLE_LS, IND_LS, INS_LS, INSE_LS, ISL_LS, ISLE_LS, JEF_LS, JEFE_LS, JEO_LS, JEOE_LS, KIM_LS, KIME_LS, KMM_LS, KMME_LS, KOM_LS, KOME_LS, KON_LS, MAD_LS, MADE_LS, MAK_LS, MAKE_LS, MAT_LS, MATE_LS, MEN_LS, MET_LS, METE_LS, MIM_LS, MIME_LS, MMD_LS, MSS_LS, MTM_LS, MTO_LS, MTOE_LS, NAE_LS, PEM_LS, PEME_LS, PET_LS, PETE_LS, ROS_LS, ROSE_LS, SAO_OL, SBP_LS, SBPE_LS, SECE_LS, TEK_LS, TEKE_LS, TEL_LS, UCK_LS, UZB_LS, UZBE_LS, VBAE_LS, YZVE_LS",30356
SNT 106,Geleneks. Türk El Sanatları,Physical (Face to face),Ayşe Yivlik Neftçi,Tuesday / Tuesday,09:00/12:59 / 14:00/16:59,MMB / MMB / -- / --,0,20,"BIO_LS, BLG_LS, CEV_LS, CHZ_LS, DEN_LS, DUI_LS, EHB_LS, ELE_LS, ELH_LS, ELK_LS, END_LS, ENT_LS, EUT_LS, FIZ_LS, GEM_LS, GEO_LS, GID_LS, GMI_LS, HTA_LS, IBM_LS, ICM_LS, IML_LS, INS_LS, ISL_LS, JEF_LS, JEO_LS, KIM_LS, KMM_LS, KOM_LS, KON_LS, MAD_LS, MAK_LS, MAT_LS, MET_LS, MIM_LS, MTO_LS, PEM_LS, PET_LS, ROS_LS, SAO_OL, SBP_LS, TEK_LS, TEL_LS, UCK_LS, UZB_LS",30346
SNT 107,İlkçağ Anadolu Uygarlıkları,Physical (Face to face),Ayşe Yivlik Neftçi,Wednesday / Wednesday,09:00/12:59 / 14:00/16:59,MMB / MMB / -- / --,0,20,"BLG_LS, CEV_LS, CHZ_LS, DEN_LS, DUI_LS, EHB_LS, ELE_LS, ELH_LS, ELK_LS, END_LS, ENT_LS, EUT_LS, FIZ_LS, GEM_LS, GEO_LS, GID_LS, GMI_LS, HTA_LS, IBM_LS, ICM_LS, IML_LS, INS_LS, ISL_LS, JEF_LS, JEO_LS, KIM_LS, KMM_LS, KOM_LS, KON_LS, MAD_LS, MAK_LS, MAT_LS, MET_LS, MIM_LS, MTO_LS, PEM_LS, PET_LS, ROS_LS, SAO_OL, SBP_LS, TEK_LS, TEL_LS, UCK_LS",30432
SNT 112,Tiyatro,Physical (Face to face),Gökhan Doğrusoy,Monday / Monday,09:00/12:59 / 14:00/16:59,MMB / MMB / -- / --,0,20,"BIO_LS, BLG_LS, CEV_LS, CHZ_LS, DEN_LS, DUI_LS, EHB_LS, ELE_LS, ELH_LS, ELK_LS, END_LS, ENT_LS, EUT_LS, FIZ_LS, GEM_LS, GEO_LS, GID_LS, GMI_LS, HTA_LS, IBM_LS, ICM_LS, IML_LS, INS_LS, ISL_LS, JEF_LS, JEO_LS, KIM_LS, KMM_LS, KOM_LS, KON_LS, MAD_LS, MAK_LS, MAT_LS, MET_LS, MIM_LS, MTO_LS, PEM_LS, PET_LS, ROS_LS, SAO_OL, SBP_LS, TEK_LS, TEL_LS, UCK_LS, UZB_LS",30352
SNT 112,Tiyatro,Physical (Face to face),Gökhan Doğrusoy,Wednesday / Wednesday,09:00/12:59 / 14:00/16:59,MMB / MMB / -- / --,0,20,"BIO_LS, BLG_LS, CEV_LS, CHZ_LS, DEN_LS, DUI_LS, EHB_LS, ELE_LS, ELH_LS, ELK_LS, END_LS, ENT_LS, EUT_LS, FIZ_LS, GEM_LS, GEO_LS, GID_LS, GMI_LS, HTA_LS, IBM_LS, ICM_LS, IML_LS, INS_LS, ISL_LS, JEF_LS, JEO_LS, KIM_LS, KMM_LS, KOM_LS, KON_LS, MAD_LS, MAK_LS, MAT_LS, MET_LS, MIM_LS, MTO_LS, PEM_LS, PET_LS, ROS_LS, SAO_OL, SBP_LS, TEK_LS, TEL_LS, UCK_LS, UZB_LS",30353
SNT 116,İletişim Sanatı,Physical (Face to face),Cengiz Çevik,Wednesday / Wednesday,09:00/12:59 / 14:00/16:59,MMB / MMB / -- / --,0,20,"BIO_LS, BLG_LS, CEV_LS, CHZ_LS, DEN_LS, DUI_LS, EHB_LS, ELE_LS, ELH_LS, ELK_LS, END_LS, ENT_LS, EUT_LS, FIZ_LS, GEM_LS, GEO_LS, GID_LS, GMI_LS, HTA_LS, IBM_LS, ICM_LS, IML_LS, INS_LS, ISL_LS, JEF_LS, JEO_LS, KIM_LS, KMM_LS, KOM_LS, KON_LS, MAD_LS, MAK_LS, MAT_LS, MET_LS, MIM_LS, MTO_LS, PEM_LS, PET_LS, ROS_LS, SAO_OL, SBP_LS, TEK_LS, TEL_LS, UCK_LS, UZB_LS",30347
SNT 116,İletişim Sanatı,Physical (Face to face),Cengiz Çevik,Thursday / Thursday,09:00/12:59 / 14:00/16:59,MMB / MMB / -- / --,0,20,"BIO_LS, BLG_LS, CEV_LS, CHZ_LS, DEN_LS, DUI_LS, EHB_LS, ELE_LS, ELH_LS, ELK_LS, END_LS, ENT_LS, EUT_LS, FIZ_LS, GEM_LS, GEO_LS, GID_LS, GMI_LS, HTA_LS, IBM_LS, ICM_LS, IML_LS, INS_LS, ISL_LS, JEF_LS, JEO_LS, KIM_LS, KMM_LS, KOM_LS, KON_LS, MAD_LS, MAK_LS, MAT_LS, MET_LS, MIM_LS, MTO_LS, PEM_LS, PET_LS, ROS_LS, SAO_OL, SBP_LS, TEK_LS, TEL_LS, UCK_LS, UZB_LS",30348
SNT 211E,"Istanbul:Hist.,Art and Society",Physical (Face to face),Pınar Erkan Bursa,Friday / Friday,09:00/12:59 / 14:00/16:59,MKB / MKB / D452 / D452,0,25,"ARC_LS, BIO_LS, BIOE_LS, BLG_LS, BLGE_LS, CEN_LS, CEV_LS, CEVE_LS, CHZ_LS, CHZE_LS, DEN_LS, DENE_LS, DUI_LS, DUIE_LS, ECNE_LS, EEE_LS, EFN_LS, EHB_LS, EHBE_LS, EHS_LS, ELE_LS, ELH_LS, ELK_LS, ELKE_LS, END_LS, ENDE_LS, ENT_LS, ENTE_LS, EUT_LS, EUTE_LS, FIZ_LS, FIZE_LS, GEM_LS, GEME_LS, GEMK_LS, GEO_LS, GEOE_LS, GID_LS, GIDE_LS, GMI_LS, HTA_LS, HTAE_LS, IAD_LS, IBM_LS, ICM_LS, IEBE_LS, IML_LS, IMLE_LS, IND_LS, INS_LS, INSE_LS, ISL_LS, ISLE_LS, JEF_LS, JEFE_LS, JEO_LS, JEOE_LS, KIM_LS, KIME_LS, KMM_LS, KMME_LS, KOM_LS, KOME_LS, KON_LS, MAD_LS, MADE_LS, MAK_LS, MAKE_LS, MAT_LS, MATE_LS, MEN_LS, MET_LS, METE_LS, MIM_LS, MIME_LS, MMD_LS, MSS_LS, MTM_LS, MTO_LS, MTOE_LS, NAE_LS, PEM_LS, PEME_LS, PET_LS, PETE_LS, ROS_LS, ROSE_LS, SAO_OL, SBP_LS, SBPE_LS, SECE_LS, TEK_LS, TEKE_LS, TEL_LS, UCK_LS, UZB_LS, UZBE_LS, VBAE_LS, YZVE_LS",30362
SNT 212,"Sanat,Kültür ve Toplum",Physical (Face to face),Gizem Mater,Tuesday / Tuesday,09:00/12:59 / 14:00/16:59,MMB / MMB / -- / --,0,20,"BIO_LS, BLG_LS, CEV_LS, CHZ_LS, DEN_LS, DUI_LS, EHB_LS, ELE_LS, ELH_LS, ELK_LS, END_LS, ENT_LS, EUT_LS, FIZ_LS, GEM_LS, GEO_LS, GID_LS, GMI_LS, HTA_LS, IBM_LS, ICM_LS, IML_LS, INS_LS, ISL_LS, JEF_LS, JEO_LS, KIM_LS, KMM_LS, KOM_LS, KON_LS, MAD_LS, MAK_LS, MAT_LS, MET_LS, MIM_LS, MTO_LS, PEM_LS, PET_LS, ROS_LS, SAO_OL, SBP_LS, TEK_LS, TEL_LS, UCK_LS, UZB_LS",30351
TER 201,Termodinamik,Physical (Face to face),Birgül Benli,Wednesday / Wednesday,08:30/11:59 / 14:00/17:29,MDB / MDB / -- / --,0,50,"CHZ_LS, DEN_LS, EHB_LS, GEM_LS, ISL_LS, JEO_LS, KMM_LS, KOM_LS, KON_LS",30304
TER 201,Termodinamik,Physical (Face to face),Halil Saraçoğlu,Monday,09:30/16:29,MEDC / 2D15,0,30,"CEV_LS, CHZ_LS, DEN_LS, END_LS, GID_LS, GMI_LS, ISL_LS, JEF_LS, JEO_LS, KIM_LS, KOM_LS, PET_LS, TEK_LS, UCK_LS, UZB_LS",30322
TER 201E,Thermodynamics,Physical (Face to face),Halil Saraçoğlu,Tuesday,09:30/16:29,MEDC / 2D15,0,30,"CHZE_LS, DENE_LS, ENDE_LS, GIDE_LS, ISLE_LS, JEFE_LS, JEOE_LS, KIME_LS, KOME_LS, PETE_LS, TEKE_LS, UZBE_LS",30323
THO 205,Oyunda Yöresel Tavırlar I,Physical (Face to face),Eyüp Uzunkaya,Monday / Tuesday / Wednesday / Thursday,09:30/12:29 / 13:30/16:29 / 10:30/12:29 / 10:30/11:59,TMB / TMB / TMB / TMB / -- / -- / -- / --,0,8,THO_LS,30290
THO 311,Oyun Analizi I,Physical (Face to face),Eyüp Uzunkaya,Monday / Tuesday / Wednesday,13:30/16:29 / 09:30/12:29 / 13:30/14:29,TMB / TMB / TMB / -- / -- / --,0,8,THO_LS,30294
THO 313,Koreoloji I,Physical (Face to face),Eyüp Uzunkaya,Wednesday / Thursday / Friday / Friday,08:30/10:29 / 13:30/16:29 / 09:30/12:29 / 14:00/15:29,TMB / TMB / TMB / TMB / -- / -- / -- / --,0,8,THO_LS,30292
THO 317,Sahne Projesi I (Kredisiz),Physical (Face to face),İlknur Bektaş,Monday / Tuesday / Wednesday / Thursday,09:30/12:29 / 13:30/16:29 / 10:30/12:29 / 10:30/11:59,TMB / TMB / TMB / TMB / -- / -- / -- / --,0,8,THO_LS,30291
THO 411,Geleneksel Giyim Kuşam I,Physical (Face to face),İlknur Bektaş,Monday / Tuesday,13:30/16:29 / 10:30/12:29,TMB / TMB / -- / --,0,8,THO_LS,30293
TUR 121,Türk Dili I,Virtual (Online),Hasan Ulucutsoy,Wednesday / Thursday,09:30/11:59 / 09:30/11:59,MED / MED / -- / --,0,40,"ARC_LS, BIO_LS, BIOE_LS, BLG_LS, BLGE_LS, BST_LS, CAB_3T_LS, CAB_4T_LS, CAB_BG_LS, CAB_DL_LS, CAB_DS_LS, CAB_KA_LS, CAB_KE_LS, CAB_KL_LS, CAB_KM_LS, CAB_KO_LS, CAB_LS, CAB_ME_LS, CAB_NE_LS, CAB_TA_LS, CAB_TN_LS, CAB_UD_LS, CAB_VC_LS, CAB_VI_LS, CAB_VS_LS, CEB_LS, CEN_LS, CEV_LS, CEVE_LS, CHZ_LS, CHZE_LS, DEN_LS, DENE_LS, ECNE_LS, EEE_LS, EFN_LS, EHB_LS, EHBE_LS, ELE_LS, ELH_LS, ELK_LS, ELKE_LS, END_LS, ENDE_LS, ENTE_LS, ESS_LS, EUT_LS, EUTE_LS, FIZ_LS, FIZE_LS, GEM_LS, GEME_LS, GEMK_LS, GEO_LS, GEOE_LS, GID_LS, GIDE_LS, HTA_LS, HTAE_LS, IAD_LS, IBM_LS, ICM_LS, IML_LS, IMLE_LS, IND_LS, INS_LS, INSE_LS, ISL_LS, ISLE_LS, JEF_LS, JEFE_LS, JEO_LS, JEOE_LS, KIM_LS, KIME_LS, KMM_LS, KMME_LS, KMP_LS, KOM_LS, KOME_LS, MAD_LS, MADE_LS, MAK_LS, MAKE_LS, MAT_LS, MATE_LS, MEN_LS, MET_LS, METE_LS, MIM_LS, MIME_LS, MMD_LS, MTM_LS, MTO_LS, MTOE_LS, MTR_LS, MUT_LS, MUZ_LS, MUZE_LS, MZT_LS, NAE_LS, PEM_LS, PEME_LS, PET_LS, PETE_LS, ROS_LS, ROSE_LS, SAO_OL, SBP_LS, SBPE_LS, SECE_LS, SES_LS, SES_TH_LS, SES_TS_LS, STP_LS, TEK_LS, TEKE_LS, TEL_LS, THO_LS, UCK_LS, UZB_LS, UZBE_LS, VBAE_LS, YZVE_LS",30310
TUR 121,Türk Dili I,Virtual (Online),Hasan Ulucutsoy,Wednesday / Thursday,12:30/14:59 / 12:30/14:59,MED / MED / -- / --,0,40,"ARC_LS, BIO_LS, BIOE_LS, BLG_LS, BLGE_LS, BST_LS, CAB_3T_LS, CAB_4T_LS, CAB_BG_LS, CAB_DL_LS, CAB_DS_LS, CAB_KA_LS, CAB_KE_LS, CAB_KL_LS, CAB_KM_LS, CAB_KO_LS, CAB_LS, CAB_ME_LS, CAB_NE_LS, CAB_TA_LS, CAB_TN_LS, CAB_UD_LS, CAB_VC_LS, CAB_VI_LS, CAB_VS_LS, CEB_LS, CEN_LS, CEV_LS, CEVE_LS, CHZ_LS, CHZE_LS, DEN_LS, DENE_LS, ECNE_LS, EEE_LS, EFN_LS, EHB_LS, EHBE_LS, ELE_LS, ELH_LS, ELK_LS, ELKE_LS, END_LS, ENDE_LS, ENTE_LS, ESS_LS, EUT_LS, EUTE_LS, FIZ_LS, FIZE_LS, GEM_LS, GEME_LS, GEMK_LS, GEO_LS, GEOE_LS, GID_LS, GIDE_LS, HTA_LS, HTAE_LS, IAD_LS, IBM_LS, ICM_LS, IML_LS, IMLE_LS, IND_LS, INS_LS, INSE_LS, ISL_LS, ISLE_LS, JEF_LS, JEFE_LS, JEO_LS, JEOE_LS, KIM_LS, KIME_LS, KMM_LS, KMME_LS, KMP_LS, KOM_LS, KOME_LS, MAD_LS, MADE_LS, MAK_LS, MAKE_LS, MAT_LS, MATE_LS, MEN_LS, MET_LS, METE_LS, MIM_LS, MIME_LS, MMD_LS, MTM_LS, MTO_LS, MTOE_LS, MTR_LS, MUT_LS, MUZ_LS, MUZE_LS, MZT_LS, NAE_LS, PEM_LS, PEME_LS, PET_LS, PETE_LS, ROS_LS, ROSE_LS, SAO_OL, SBP_LS, SBPE_LS, SECE_LS, SES_LS, SES_TH_LS, SES_TS_LS, STP_LS, TEK_LS, TEKE_LS, TEL_LS, THO_LS, UCK_LS, UZB_LS, UZBE_LS, VBAE_LS, YZVE_LS",30311
TUR 121,Türk Dili I,Physical (Face to face),Timur Aydın,Monday / Tuesday,09:30/11:59 / 09:30/11:59,MED / MED / A31 / B33,0,40,"ARC_LS, BIO_LS, BIOE_LS, BLG_LS, BLGE_LS, BST_LS, CAB_3T_LS, CAB_4T_LS, CAB_BG_LS, CAB_DL_LS, CAB_DS_LS, CAB_KA_LS, CAB_KE_LS, CAB_KL_LS, CAB_KM_LS, CAB_KO_LS, CAB_LS, CAB_ME_LS, CAB_NE_LS, CAB_TA_LS, CAB_TN_LS, CAB_UD_LS, CAB_VC_LS, CAB_VI_LS, CAB_VS_LS, CEB_LS, CEN_LS, CEV_LS, CEVE_LS, CHZ_LS, CHZE_LS, DEN_LS, DENE_LS, ECNE_LS, EEE_LS, EFN_LS, EHB_LS, EHBE_LS, ELE_LS, ELH_LS, ELK_LS, ELKE_LS, END_LS, ENDE_LS, ENTE_LS, ESS_LS, EUT_LS, EUTE_LS, FIZ_LS, FIZE_LS, GEM_LS, GEME_LS, GEMK_LS, GEO_LS, GEOE_LS, GID_LS, GIDE_LS, HTA_LS, HTAE_LS, IAD_LS, IBM_LS, ICM_LS, IML_LS, IMLE_LS, IND_LS, INS_LS, INSE_LS, ISL_LS, ISLE_LS, JEF_LS, JEFE_LS, JEO_LS, JEOE_LS, KIM_LS, KIME_LS, KMM_LS, KMME_LS, KMP_LS, KOM_LS, KOME_LS, MAD_LS, MADE_LS, MAK_LS, MAKE_LS, MAT_LS, MATE_LS, MEN_LS, MET_LS, METE_LS, MIM_LS, MIME_LS, MMD_LS, MTM_LS, MTO_LS, MTOE_LS, MTR_LS, MUT_LS, MUZ_LS, MUZE_LS, MZT_LS, NAE_LS, PEM_LS, PEME_LS, PET_LS, PETE_LS, ROS_LS, ROSE_LS, SAO_OL, SBP_LS, SBPE_LS, SECE_LS, SES_LS, SES_TH_LS, SES_TS_LS, STP_LS, TEK_LS, TEKE_LS, TEL_LS, THO_LS, UCK_LS, UZB_LS, UZBE_LS, VBAE_LS, YZVE_LS",30314
TUR 121,Türk Dili I,Physical (Face to face),Timur Aydın,Monday / Tuesday,12:30/14:59 / 12:30/14:59,MED / MED / A31 / B33,0,40,"ARC_LS, BIO_LS, BIOE_LS, BLG_LS, BLGE_LS, BST_LS, CAB_3T_LS, CAB_4T_LS, CAB_BG_LS, CAB_DL_LS, CAB_DS_LS, CAB_KA_LS, CAB_KE_LS, CAB_KL_LS, CAB_KM_LS, CAB_KO_LS, CAB_LS, CAB_ME_LS, CAB_NE_LS, CAB_TA_LS, CAB_TN_LS, CAB_UD_LS, CAB_VC_LS, CAB_VI_LS, CAB_VS_LS, CEB_LS, CEN_LS, CEV_LS, CEVE_LS, CHZ_LS, CHZE_LS, DEN_LS, DENE_LS, ECNE_LS, EEE_LS, EFN_LS, EHB_LS, EHBE_LS, ELE_LS, ELH_LS, ELK_LS, ELKE_LS, END_LS, ENDE_LS, ENTE_LS, ESS_LS, EUT_LS, EUTE_LS, FIZ_LS, FIZE_LS, GEM_LS, GEME_LS, GEMK_LS, GEO_LS, GEOE_LS, GID_LS, GIDE_LS, HTA_LS, HTAE_LS, IAD_LS, IBM_LS, ICM_LS, IML_LS, IMLE_LS, IND_LS, INS_LS, INSE_LS, ISL_LS, ISLE_LS, JEF_LS, JEFE_LS, JEO_LS, JEOE_LS, KIM_LS, KIME_LS, KMM_LS, KMME_LS, KMP_LS, KOM_LS, KOME_LS, MAD_LS, MADE_LS, MAK_LS, MAKE_LS, MAT_LS, MATE_LS, MEN_LS, MET_LS, METE_LS, MIM_LS, MIME_LS, MMD_LS, MTM_LS, MTO_LS, MTOE_LS, MTR_LS, MUT_LS, MUZ_LS, MUZE_LS, MZT_LS, NAE_LS, PEM_LS, PEME_LS, PET_LS, PETE_LS, ROS_LS, ROSE_LS, SAO_OL, SBP_LS, SBPE_LS, SECE_LS, SES_LS, SES_TH_LS, SES_TS_LS, STP_LS, TEK_LS, TEKE_LS, TEL_LS, THO_LS, UCK_LS, UZB_LS, UZBE_LS, VBAE_LS, YZVE_LS",30315
TUR 121,Türk Dili I,Physical (Face to face),Timur Aydın,Monday / Tuesday,15:00/17:29 / 15:00/17:29,MED / MED / A31 / B33,0,40,"ARC_LS, BIO_LS, BIOE_LS, BLG_LS, BLGE_LS, BST_LS, CAB_3T_LS, CAB_4T_LS, CAB_BG_LS, CAB_DL_LS, CAB_DS_LS, CAB_KA_LS, CAB_KE_LS, CAB_KL_LS, CAB_KM_LS, CAB_KO_LS, CAB_LS, CAB_ME_LS, CAB_NE_LS, CAB_TA_LS, CAB_TN_LS, CAB_UD_LS, CAB_VC_LS, CAB_VI_LS, CAB_VS_LS, CEB_LS, CEN_LS, CEV_LS, CEVE_LS, CHZ_LS, CHZE_LS, DEN_LS, DENE_LS, ECNE_LS, EEE_LS, EFN_LS, EHB_LS, EHBE_LS, ELE_LS, ELH_LS, ELK_LS, ELKE_LS, END_LS, ENDE_LS, ENTE_LS, ESS_LS, EUT_LS, EUTE_LS, FIZ_LS, FIZE_LS, GEM_LS, GEME_LS, GEMK_LS, GEO_LS, GEOE_LS, GID_LS, GIDE_LS, HTA_LS, HTAE_LS, IAD_LS, IBM_LS, ICM_LS, IML_LS, IMLE_LS, IND_LS, INS_LS, INSE_LS, ISL_LS, ISLE_LS, JEF_LS, JEFE_LS, JEO_LS, JEOE_LS, KIM_LS, KIME_LS, KMM_LS, KMME_LS, KMP_LS, KOM_LS, KOME_LS, MAD_LS, MADE_LS, MAK_LS, MAKE_LS, MAT_LS, MATE_LS, MEN_LS, MET_LS, METE_LS, MIM_LS, MIME_LS, MMD_LS, MTM_LS, MTO_LS, MTOE_LS, MTR_LS, MUT_LS, MUZ_LS, MUZE_LS, MZT_LS, NAE_LS, PEM_LS, PEME_LS, PET_LS, PETE_LS, ROS_LS, ROSE_LS, SAO_OL, SBP_LS, SBPE_LS, SECE_LS, SES_LS, SES_TH_LS, SES_TS_LS, STP_LS, TEK_LS, TEKE_LS, TEL_LS, THO_LS, UCK_LS, UZB_LS, UZBE_LS, VBAE_LS, YZVE_LS",30316
TUR 122,Türk Dili II,Virtual (Online),Hasan Ulucutsoy,Monday / Tuesday,09:30/11:59 / 09:30/11:59,MED / MED / -- / --,0,40,"ARC_LS, BIO_LS, BIOE_LS, BLG_LS, BLGE_LS, BST_LS, CAB_3T_LS, CAB_4T_LS, CAB_BG_LS, CAB_DL_LS, CAB_DS_LS, CAB_KA_LS, CAB_KE_LS, CAB_KL_LS, CAB_KM_LS, CAB_KO_LS, CAB_LS, CAB_ME_LS, CAB_NE_LS, CAB_TA_LS, CAB_TN_LS, CAB_UD_LS, CAB_VC_LS, CAB_VI_LS, CAB_VS_LS, CEB_LS, CEN_LS, CEV_LS, CEVE_LS, CHZ_LS, CHZE_LS, DEN_LS, DENE_LS, ECNE_LS, EEE_LS, EFN_LS, EHB_LS, EHBE_LS, ELE_LS, ELH_LS, ELK_LS, ELKE_LS, END_LS, ENDE_LS, ENTE_LS, ESS_LS, EUT_LS, EUTE_LS, FIZ_LS, FIZE_LS, GEM_LS, GEME_LS, GEMK_LS, GEO_LS, GEOE_LS, GID_LS, GIDE_LS, HTA_LS, HTAE_LS, IAD_LS, IBM_LS, ICM_LS, IML_LS, IMLE_LS, IND_LS, INS_LS, INSE_LS, ISL_LS, ISLE_LS, JEF_LS, JEFE_LS, JEO_LS, JEOE_LS, KIM_LS, KIME_LS, KMM_LS, KMME_LS, KMP_LS, KOM_LS, KOME_LS, MAD_LS, MADE_LS, MAK_LS, MAKE_LS, MAT_LS, MATE_LS, MEN_LS, MET_LS, METE_LS, MIM_LS, MIME_LS, MMD_LS, MTM_LS, MTO_LS, MTOE_LS, MTR_LS, MUT_LS, MUZ_LS, MUZE_LS, MZT_LS, NAE_LS, PEM_LS, PEME_LS, PET_LS, PETE_LS, ROS_LS, ROSE_LS, SAO_OL, SBP_LS, SBPE_LS, SECE_LS, SES_LS, SES_TH_LS, SES_TS_LS, STP_LS, TEK_LS, TEKE_LS, TEL_LS, THO_LS, UCK_LS, UZB_LS, UZBE_LS, VBAE_LS, YZVE_LS",30312
TUR 122,Türk Dili II,Virtual (Online),Hasan Ulucutsoy,Monday / Tuesday,12:30/14:59 / 12:30/14:59,MED / MED / -- / --,0,40,"ARC_LS, BIO_LS, BIOE_LS, BLG_LS, BLGE_LS, BST_LS, CAB_3T_LS, CAB_4T_LS, CAB_BG_LS, CAB_DL_LS, CAB_DS_LS, CAB_KA_LS, CAB_KE_LS, CAB_KL_LS, CAB_KM_LS, CAB_KO_LS, CAB_LS, CAB_ME_LS, CAB_NE_LS, CAB_TA_LS, CAB_TN_LS, CAB_UD_LS, CAB_VC_LS, CAB_VI_LS, CAB_VS_LS, CEB_LS, CEN_LS, CEV_LS, CEVE_LS, CHZ_LS, CHZE_LS, DEN_LS, DENE_LS, ECNE_LS, EEE_LS, EFN_LS, EHB_LS, EHBE_LS, ELE_LS, ELH_LS, ELK_LS, ELKE_LS, END_LS, ENDE_LS, ENTE_LS, ESS_LS, EUT_LS, EUTE_LS, FIZ_LS, FIZE_LS, GEM_LS, GEME_LS, GEMK_LS, GEO_LS, GEOE_LS, GID_LS, GIDE_LS, HTA_LS, HTAE_LS, IAD_LS, IBM_LS, ICM_LS, IML_LS, IMLE_LS, IND_LS, INS_LS, INSE_LS, ISL_LS, ISLE_LS, JEF_LS, JEFE_LS, JEO_LS, JEOE_LS, KIM_LS, KIME_LS, KMM_LS, KMME_LS, KMP_LS, KOM_LS, KOME_LS, MAD_LS, MADE_LS, MAK_LS, MAKE_LS, MAT_LS, MATE_LS, MEN_LS, MET_LS, METE_LS, MIM_LS, MIME_LS, MMD_LS, MTM_LS, MTO_LS, MTOE_LS, MTR_LS, MUT_LS, MUZ_LS, MUZE_LS, MZT_LS, NAE_LS, PEM_LS, PEME_LS, PET_LS, PETE_LS, ROS_LS, ROSE_LS, SAO_OL, SBP_LS, SBPE_LS, SECE_LS, SES_LS, SES_TH_LS, SES_TS_LS, STP_LS, TEK_LS, TEKE_LS, TEL_LS, THO_LS, UCK_LS, UZB_LS, UZBE_LS, VBAE_LS, YZVE_LS",30313
TUR 122,Türk Dili II,Physical (Face to face),Timur Aydın,Thursday / Friday,09:30/11:59 / 09:30/11:59,MED / MED / B33 / A31,0,40,"ARC_LS, BIO_LS, BIOE_LS, BLG_LS, BLGE_LS, BST_LS, CAB_3T_LS, CAB_4T_LS, CAB_BG_LS, CAB_DL_LS, CAB_DS_LS, CAB_KA_LS, CAB_KE_LS, CAB_KL_LS, CAB_KM_LS, CAB_KO_LS, CAB_LS, CAB_ME_LS, CAB_NE_LS, CAB_TA_LS, CAB_TN_LS, CAB_UD_LS, CAB_VC_LS, CAB_VI_LS, CAB_VS_LS, CEB_LS, CEN_LS, CEV_LS, CEVE_LS, CHZ_LS, CHZE_LS, DEN_LS, DENE_LS, ECNE_LS, EEE_LS, EFN_LS, EHB_LS, EHBE_LS, ELE_LS, ELH_LS, ELK_LS, ELKE_LS, END_LS, ENDE_LS, ENTE_LS, ESS_LS, EUT_LS, EUTE_LS, FIZ_LS, FIZE_LS, GEM_LS, GEME_LS, GEMK_LS, GEO_LS, GEOE_LS, GID_LS, GIDE_LS, HTA_LS, HTAE_LS, IAD_LS, IBM_LS, ICM_LS, IML_LS, IMLE_LS, IND_LS, INS_LS, INSE_LS, ISL_LS, ISLE_LS, JEF_LS, JEFE_LS, JEO_LS, JEOE_LS, KIM_LS, KIME_LS, KMM_LS, KMME_LS, KMP_LS, KOM_LS, KOME_LS, MAD_LS, MADE_LS, MAK_LS, MAKE_LS, MAT_LS, MATE_LS, MEN_LS, MET_LS, METE_LS, MIM_LS, MIME_LS, MMD_LS, MTM_LS, MTO_LS, MTOE_LS, MTR_LS, MUT_LS, MUZ_LS, MUZE_LS, MZT_LS, NAE_LS, PEM_LS, PEME_LS, PET_LS, PETE_LS, ROS_LS, ROSE_LS, SAO_OL, SBP_LS, SBPE_LS, SECE_LS, SES_LS, SES_TH_LS, SES_TS_LS, STP_LS, TEK_LS, TEKE_LS, TEL_LS, THO_LS, UCK_LS, UZB_LS, UZBE_LS, VBAE_LS, YZVE_LS",30317
TUR 122,Türk Dili II,Physical (Face to face),Timur Aydın,Thursday / Friday,12:30/14:59 / 14:00/16:29,MED / MED / A31 / A31,0,40,"ARC_LS, BIO_LS, BIOE_LS, BLG_LS, BLGE_LS, BST_LS, CAB_3T_LS, CAB_4T_LS, CAB_BG_LS, CAB_DL_LS, CAB_DS_LS, CAB_KA_LS, CAB_KE_LS, CAB_KL_LS, CAB_KM_LS, CAB_KO_LS, CAB_LS, CAB_ME_LS, CAB_NE_LS, CAB_TA_LS, CAB_TN_LS, CAB_UD_LS, CAB_VC_LS, CAB_VI_LS, CAB_VS_LS, CEB_LS, CEN_LS, CEV_LS, CEVE_LS, CHZ_LS, CHZE_LS, DEN_LS, DENE_LS, ECNE_LS, EEE_LS, EFN_LS, EHB_LS, EHBE_LS, ELE_LS, ELH_LS, ELK_LS, ELKE_LS, END_LS, ENDE_LS, ENTE_LS, ESS_LS, EUT_LS, EUTE_LS, FIZ_LS, FIZE_LS, GEM_LS, GEME_LS, GEMK_LS, GEO_LS, GEOE_LS, GID_LS, GIDE_LS, HTA_LS, HTAE_LS, IAD_LS, IBM_LS, ICM_LS, IML_LS, IMLE_LS, IND_LS, INS_LS, INSE_LS, ISL_LS, ISLE_LS, JEF_LS, JEFE_LS, JEO_LS, JEOE_LS, KIM_LS, KIME_LS, KMM_LS, KMME_LS, KMP_LS, KOM_LS, KOME_LS, MAD_LS, MADE_LS, MAK_LS, MAKE_LS, MAT_LS, MATE_LS, MEN_LS, MET_LS, METE_LS, MIM_LS, MIME_LS, MMD_LS, MTM_LS, MTO_LS, MTOE_LS, MTR_LS, MUT_LS, MUZ_LS, MUZE_LS, MZT_LS, NAE_LS, PEM_LS, PEME_LS, PET_LS, PETE_LS, ROS_LS, ROSE_LS, SAO_OL, SBP_LS, SBPE_LS, SECE_LS, SES_LS, SES_TH_LS, SES_TS_LS, STP_LS, TEK_LS, TEKE_LS, TEL_LS, THO_LS, UCK_LS, UZB_LS, UZBE_LS, VBAE_LS, YZVE_LS",30318
TUR 122,Türk Dili II,Physical (Face to face),Timur Aydın,Wednesday / Thursday,15:00/17:29 / 15:00/17:29,MED / MED / B33 / A31,0,40,"ARC_LS, BIO_LS, BIOE_LS, BLG_LS, BLGE_LS, BST_LS, CAB_3T_LS, CAB_4T_LS, CAB_BG_LS, CAB_DL_LS, CAB_DS_LS, CAB_KA_LS, CAB_KE_LS, CAB_KL_LS, CAB_KM_LS, CAB_KO_LS, CAB_LS, CAB_ME_LS, CAB_NE_LS, CAB_TA_LS, CAB_TN_LS, CAB_UD_LS, CAB_VC_LS, CAB_VI_LS, CAB_VS_LS, CEB_LS, CEN_LS, CEV_LS, CEVE_LS, CHZ_LS, CHZE_LS, DEN_LS, DENE_LS, ECNE_LS, EEE_LS, EFN_LS, EHB_LS, EHBE_LS, ELE_LS, ELH_LS, ELK_LS, ELKE_LS, END_LS, ENDE_LS, ENTE_LS, ESS_LS, EUT_LS, EUTE_LS, FIZ_LS, FIZE_LS, GEM_LS, GEME_LS, GEMK_LS, GEO_LS, GEOE_LS, GID_LS, GIDE_LS, HTA_LS, HTAE_LS, IAD_LS, IBM_LS, ICM_LS, IML_LS, IMLE_LS, IND_LS, INS_LS, INSE_LS, ISL_LS, ISLE_LS, JEF_LS, JEFE_LS, JEO_LS, JEOE_LS, KIM_LS, KIME_LS, KMM_LS, KMME_LS, KMP_LS, KOM_LS, KOME_LS, MAD_LS, MADE_LS, MAK_LS, MAKE_LS, MAT_LS, MATE_LS, MEN_LS, MET_LS, METE_LS, MIM_LS, MIME_LS, MMD_LS, MTM_LS, MTO_LS, MTOE_LS, MTR_LS, MUT_LS, MUZ_LS, MUZE_LS, MZT_LS, NAE_LS, PEM_LS, PEME_LS, PET_LS, PETE_LS, ROS_LS, ROSE_LS, SAO_OL, SBP_LS, SBPE_LS, SECE_LS, SES_LS, SES_TH_LS, SES_TS_LS, STP_LS, TEK_LS, TEKE_LS, TEL_LS, THO_LS, UCK_LS, UZB_LS, UZBE_LS, VBAE_LS, YZVE_LS",30319
UCK 207E,Thermodynamics,Physical (Face to face),Cemil Kurtcebe,Monday / Monday,09:30/12:29 / 13:30/17:29,MEDC / MEDC / ZA3 / ZA3,0,50,"UCK_LS, UZB_LS, UZBE_LS",30277
UCK 322E,Flight Mechanics,Physical (Face to face),"Halit Süleyman Türkmen , / Emre Koyuncu",Monday / Monday,08:30/12:29 / 13:30/16:29,MEDC / MEDC / 1D10 / 1D10,0,40,"UCK_LS, UCK_YD",30343
UCK 421E,Jet Propulsion Principles,Physical (Face to face),Cemil Kurtcebe,Thursday / Thursday,08:30/12:29 / 13:30/16:29,MEDC / MEDC / ZA3 / ZA3,0,50,"UCK_LS, UCK_YD, UZB_LS, UZBE_LS",30333
UZB 314E,Heat Transfer,Physical (Face to face),Cemil Kurtcebe,Friday / Friday,09:30/12:29 / 14:30/16:29,MEDC / MEDC / ZA3 / ZA3,0,50,"UCK_LS, UZB_LS, UZBE_LS",30278
UZB 337E,Aerospace Structures,Physical (Face to face),"Seher Eken , / Aytaç Arıkoğlu",Tuesday / Tuesday / Wednesday,09:30/12:29 / 13:30/16:29 / 10:00/13:29,MEDC / MEDC / MEDC / 1D10 / 1D10 / 1D10,0,50,"UCK_LS, UCK_YD, UZB_LS, UZBE_LS",30344
UZB 352E,Orbital Mechanics,Physical (Face to face),Erdem Onur Özyurt,Tuesday / Tuesday,08:30/12:29 / 13:30/16:29,MEDC / MEDC / ZA4 / ZA4,0,50,"UZB_LS, UZBE_LS",30282
UZB 421E,Attitude Determination & Ctrl.,Physical (Face to face),Erdem Onur Özyurt,Monday / Monday,08:30/12:29 / 13:30/16:29,MEDC / MEDC / ZA4 / ZA4,0,50,"UZB_LS, UZBE_LS",30283
YZV 104E,Introduction to Programming for Data Science,Physical (Face to face),Berna Kiraz,Monday / Monday / Tuesday / Tuesday,09:30/12:29 / 13:30/16:29 / 09:30/12:29 / 13:30/16:29,BBB / BBB / BBB / BBB / -- / -- / -- / --,0,30,YZVE_LS,30410
YZV 201E,Data Structures,Physical (Face to face),Berna Kiraz,Wednesday / Wednesday / Thursday / Thursday,09:30/12:29 / 13:30/15:29 / 09:30/11:59 / 13:30/15:29,BBB / BBB / BBB / BBB / 104 / 104 / 104 / 104,0,30,YZVE_LS,30340
